stamp,seq_tw,drone_position_x,drone_position_y,drone_position_z,drone_position_qx,drone_position_qy,drone_position_qz,drone_position_qw,yolo_label,yolo_xmin,yolo_xmax,yolo_ymin,yolo_ymax,yolo_confidence,object_global_position_2d_x,object_global_position_2d_y,object_global_position_2d_z
1628079685.341496,0,-0.000530,-0.000654,0.000868,-0.005921,-0.019263,0.000004,0.999797,soldier,289,330,161,271,0.988430,9.748033,0.107271,0.000000
1628079685.741449,1,-0.000355,-0.000603,0.001204,-0.005960,-0.019201,0.000061,0.999798,soldier,289,330,161,271,0.988406,9.748312,0.108479,0.000000
1628079685.808125,2,-0.000022,-0.000228,0.002068,-0.005997,-0.019121,0.000085,0.999799,soldier,289,330,161,270,0.987943,9.748789,0.109369,0.000000
1628079685.941447,3,-0.000698,-0.002331,0.001765,-0.006177,-0.018901,-0.000631,0.999802,soldier,289,330,161,271,0.986849,9.748657,0.093537,0.000000
1628079686.008119,4,-0.001327,-0.001001,0.001531,-0.006191,-0.019074,-0.000859,0.999799,soldier,289,330,161,271,0.988667,9.747748,0.090455,0.000000
1628079686.074790,5,-0.002052,-0.000186,0.001330,-0.006187,-0.019249,-0.000955,0.999795,soldier,289,330,161,271,0.988197,9.746717,0.089412,0.000000
1628079686.141553,6,-0.003708,0.001185,0.000913,-0.006226,-0.019300,-0.001076,0.999794,soldier,289,330,161,270,0.989074,9.744988,0.088480,0.000000
1628079686.208116,7,-0.004009,0.001500,0.000850,-0.006234,-0.019201,-0.001094,0.999796,soldier,289,330,161,270,0.987346,9.744872,0.088433,0.000000
1628079686.274781,8,-0.001601,-0.000044,0.001574,-0.006078,-0.019085,-0.001127,0.999799,soldier,289,330,161,271,0.988238,9.747499,0.086004,0.000000
1628079686.341447,9,-0.002017,0.000482,0.001366,-0.006090,-0.018953,-0.001207,0.999801,soldier,289,330,161,270,0.987959,9.747340,0.084974,0.000000
1628079686.408110,10,-0.002354,0.000795,0.001260,-0.006117,-0.019064,-0.001186,0.999799,soldier,289,330,160,272,0.988546,9.746794,0.085743,0.000000
1628079686.474785,11,-0.002711,0.001156,0.001147,-0.006120,-0.018999,-0.001252,0.999800,soldier,289,330,161,271,0.988482,9.746567,0.084824,0.000000
1628079686.541452,12,-0.003179,0.001559,0.000996,-0.006125,-0.019077,-0.001339,0.999798,soldier,289,330,161,270,0.986904,9.745969,0.083539,0.000000
1628079686.608115,13,-0.003612,0.001929,0.000866,-0.006132,-0.019141,-0.001418,0.999797,soldier,289,330,161,270,0.987634,9.745430,0.082375,0.000000
1628079686.674782,14,-0.003870,0.002268,0.000759,-0.006136,-0.019154,-0.001459,0.999797,soldier,289,330,161,271,0.987745,9.745156,0.081923,0.000000
1628079686.741444,15,-0.004222,0.002740,0.000587,-0.006134,-0.019254,-0.001590,0.999795,soldier,289,330,160,271,0.987979,9.744637,0.079851,0.000000
1628079686.808121,16,-0.004319,0.002809,0.000551,-0.006138,-0.019273,-0.001589,0.999794,soldier,289,330,161,271,0.986851,9.744504,0.079953,0.000000
1628079686.874791,17,-0.001905,0.001126,0.001754,-0.006087,-0.019021,-0.001423,0.999800,soldier,289,330,160,272,0.987073,9.747359,0.081397,0.000000
1628079686.941449,18,-0.002131,0.001538,0.001575,-0.006088,-0.019268,-0.001470,0.999795,soldier,289,330,161,272,0.986065,9.746685,0.080919,0.000000
1628079687.008129,19,-0.002198,0.001759,0.001468,-0.006162,-0.019239,-0.001286,0.999795,soldier,289,330,161,272,0.986295,9.746644,0.084842,0.000000
1628079687.075354,20,-0.002105,0.002043,0.001368,-0.006150,-0.018684,-0.001486,0.999805,soldier,289,330,161,271,0.984346,9.908341,0.082441,0.000000
1628079687.141473,21,-0.002140,0.002299,0.001275,-0.006186,-0.018855,-0.001419,0.999802,soldier,289,330,162,269,0.983529,9.907977,0.084112,0.000000
1628079687.208151,22,-0.002301,0.002599,0.001187,-0.006160,-0.019345,-0.001726,0.999792,soldier,289,330,161,270,0.987539,9.591857,0.075915,0.000000
1628079687.274803,23,-0.002355,0.002750,0.001110,-0.006168,-0.019459,-0.001599,0.999790,soldier,290,330,161,270,0.987719,9.906655,0.081023,0.000000
1628079687.341477,24,-0.002159,0.003710,0.000945,-0.006184,-0.019772,-0.001491,0.999784,soldier,289,330,161,271,0.984060,9.745722,0.082891,0.000000
1628079687.408123,25,-0.002139,0.003831,0.000901,-0.006200,-0.019813,-0.001338,0.999784,soldier,289,330,163,269,0.984242,9.906160,0.087390,0.000000
1628079687.474798,26,-0.002147,0.003223,0.001600,-0.006181,-0.019615,-0.001102,0.999788,soldier,289,331,163,269,0.981033,9.745903,0.064218,0.000000
1628079687.541465,27,-0.002010,0.003597,0.001566,-0.006118,-0.019287,-0.001400,0.999794,soldier,290,331,163,269,0.979752,9.746681,0.058644,0.000000
1628079687.608119,28,-0.002095,0.003801,0.001448,-0.006212,-0.019722,-0.001367,0.999785,soldier,290,331,163,268,0.982545,9.906303,0.060609,0.000000
1628079687.674799,29,-0.002067,0.004214,0.001340,-0.006176,-0.019941,-0.001407,0.999781,soldier,290,331,163,269,0.979170,9.745405,0.059297,0.000000
1628079687.741460,30,-0.001950,0.004616,0.001260,-0.006141,-0.019711,-0.001686,0.999785,soldier,290,331,163,269,0.974532,9.745979,0.054157,0.000000
1628079687.808133,31,-0.001606,0.005276,0.001165,-0.006049,-0.018885,-0.002111,0.999801,soldier,289,331,164,269,0.978039,9.748860,0.045970,0.000000
1628079687.874791,32,-0.001551,0.005653,0.001064,-0.006023,-0.018945,-0.002221,0.999800,soldier,289,331,162,269,0.983823,9.747840,0.044478,0.000000
1628079687.941447,33,-0.001589,0.006656,0.000762,-0.006058,-0.019174,-0.002266,0.999795,soldier,289,330,161,271,0.989215,9.747504,0.070450,0.000000
1628079688.008134,34,-0.001564,0.006795,0.000721,-0.006064,-0.019155,-0.002277,0.999796,soldier,289,330,161,270,0.983843,9.747566,0.070383,0.000000
1628079688.074850,35,-0.002244,0.005241,0.001552,-0.005956,-0.019234,-0.002200,0.999795,soldier,289,330,162,270,0.984723,9.746729,0.070166,0.000000
1628079688.141639,36,-0.002345,0.005446,0.001599,-0.005957,-0.019097,-0.002306,0.999797,soldier,289,330,161,271,0.985304,9.746895,0.068295,0.000000
1628079688.208116,37,-0.002333,0.005659,0.001516,-0.005949,-0.019039,-0.002406,0.999798,soldier,289,330,162,270,0.986448,9.747025,0.066532,0.000000
1628079688.274785,38,-0.002053,0.005905,0.001437,-0.005943,-0.019022,-0.002467,0.999798,soldier,289,330,161,270,0.987823,9.747343,0.065586,0.000000
1628079688.341446,39,-0.002081,0.006023,0.001364,-0.005948,-0.018956,-0.002497,0.999800,soldier,289,330,161,270,0.986359,9.747440,0.065119,0.000000
1628079688.408111,40,-0.001848,0.006441,0.001251,-0.005947,-0.019014,-0.002620,0.999798,soldier,289,330,161,270,0.985979,9.747579,0.063125,0.000000
1628079688.474808,41,-0.001862,0.006571,0.001169,-0.005940,-0.018925,-0.002625,0.999800,soldier,289,330,161,270,0.987067,9.908278,0.064067,0.000000
1628079688.541524,42,-0.001700,0.006856,0.001050,-0.005949,-0.018963,-0.002712,0.999799,soldier,289,330,161,270,0.987975,9.747829,0.061750,0.000000
1628079688.608141,43,-0.001668,0.007130,0.000868,-0.005946,-0.018917,-0.002755,0.999800,soldier,289,330,161,270,0.986916,9.747950,0.061164,0.000000
1628079688.674846,44,-0.001672,0.006883,0.001841,-0.005930,-0.018878,-0.002708,0.999801,soldier,289,330,161,270,0.986900,9.748014,0.061821,0.000000
1628079688.741452,45,-0.001666,0.007277,0.001806,-0.005951,-0.018925,-0.002780,0.999799,soldier,289,330,160,271,0.988488,9.747940,0.060838,0.000000
1628079688.808125,46,-0.001423,0.007667,0.001757,-0.005945,-0.018892,-0.002883,0.999800,soldier,289,330,161,270,0.987451,9.748254,0.059211,0.000000
1628079688.874810,47,-0.001478,0.007858,0.001720,-0.005954,-0.018918,-0.002916,0.999799,soldier,289,330,161,271,0.986185,9.593588,0.057956,0.000000
1628079688.941483,48,-0.001195,0.008353,0.001652,-0.005954,-0.018849,-0.003017,0.999800,soldier,289,330,161,270,0.986916,9.748572,0.057276,0.000000
1628079689.008367,49,-0.001225,0.008521,0.001618,-0.005955,-0.018876,-0.003036,0.999799,soldier,289,330,161,270,0.987666,9.748496,0.057079,0.000000
1628079689.141482,50,-0.000414,0.009324,0.001482,-0.005955,-0.018808,-0.003204,0.999800,soldier,289,330,162,270,0.987495,9.909999,0.055334,0.000000
1628079689.208276,51,-0.000353,0.009551,0.001395,-0.005959,-0.018806,-0.003225,0.999800,soldier,289,330,161,270,0.987313,9.749512,0.054415,0.000000
1628079689.274780,52,-0.000435,0.008883,0.001921,-0.005912,-0.018795,-0.003278,0.999801,soldier,290,330,161,271,0.987046,9.749453,0.052649,0.000000
1628079689.341458,53,-0.000419,0.008930,0.001907,-0.005911,-0.018793,-0.003296,0.999800,soldier,289,330,161,270,0.986417,9.749475,0.052341,0.000000
1628079689.408155,54,-0.000143,0.009314,0.001754,-0.005938,-0.018784,-0.003414,0.999800,soldier,289,330,162,270,0.987158,9.749776,0.050462,0.000000
1628079689.474872,55,-0.000066,0.009405,0.001703,-0.005940,-0.018790,-0.003446,0.999800,soldier,289,330,161,270,0.986960,9.749844,0.049935,0.000000
1628079689.608139,56,0.000155,0.009723,0.001394,-0.005929,-0.018781,-0.003547,0.999800,soldier,289,330,161,270,0.988317,9.910642,0.048891,0.000000
1628079689.674799,57,0.000223,0.009873,0.001142,-0.005921,-0.018784,-0.003585,0.999800,soldier,289,330,161,270,0.987485,9.750152,0.047658,0.000000
1628079689.808137,58,0.000209,0.010062,0.000901,-0.005922,-0.018797,-0.003632,0.999799,soldier,289,330,161,270,0.987394,9.750118,0.046926,0.000000
1628079689.874808,59,0.000047,0.010099,0.001715,-0.005935,-0.018797,-0.003539,0.999799,soldier,289,330,161,270,0.987397,9.749950,0.048805,0.000000
1628079689.941462,60,0.000112,0.010256,0.001650,-0.005945,-0.018803,-0.003575,0.999799,soldier,289,330,161,270,0.988219,9.750007,0.048274,0.000000
1628079690.008129,61,0.000123,0.010343,0.001565,-0.005960,-0.018864,-0.003584,0.999798,soldier,289,330,161,271,0.987363,9.749907,0.048205,0.000000
1628079690.075174,62,0.000075,0.010492,0.001485,-0.005962,-0.018835,-0.003686,0.999798,soldier,289,330,161,270,0.987178,9.749917,0.046372,0.000000
1628079690.141458,63,0.000004,0.010515,0.001432,-0.005962,-0.018823,-0.003681,0.999798,soldier,289,330,161,270,0.986248,9.749869,0.046485,0.000000
1628079690.274800,64,-0.000157,0.010647,0.001299,-0.005947,-0.019128,-0.003808,0.999792,soldier,289,330,161,271,0.986591,9.749153,0.044147,0.000000
1628079690.408771,65,-0.000224,0.010811,0.001212,-0.005930,-0.019213,-0.003844,0.999790,soldier,289,330,162,270,0.983195,9.909473,0.044136,0.000000
1628079690.474808,66,-0.000174,0.010916,0.001769,-0.005975,-0.019187,-0.003678,0.999791,soldier,289,330,162,270,0.984152,9.749020,0.047012,0.000000
1628079690.541487,67,-0.000127,0.010872,0.001728,-0.005986,-0.019109,-0.003684,0.999793,soldier,289,330,162,270,0.984001,9.909756,0.047447,0.000000
1628079690.608147,68,-0.000045,0.011260,0.001633,-0.006036,-0.018965,-0.003523,0.999796,soldier,289,330,162,270,0.985047,9.910098,0.051087,0.000000
1628079690.741472,69,-0.000032,0.011513,0.001529,-0.006065,-0.018981,-0.003290,0.999796,soldier,290,330,162,269,0.982421,9.910064,0.056006,0.000000
1628079690.875339,70,-0.000057,0.012200,0.001241,-0.006054,-0.018971,-0.003563,0.999795,soldier,290,330,162,269,0.983728,9.749529,0.050625,0.000000
1628079691.008361,71,0.000282,0.011006,0.002089,-0.005862,-0.018760,-0.003755,0.999800,soldier,289,330,162,270,0.983676,9.750266,0.045375,0.000000
1628079691.141876,72,0.000116,0.011127,0.001997,-0.005907,-0.019030,-0.003921,0.999794,soldier,289,330,162,270,0.984381,9.910161,0.042876,0.000000
1628079691.274794,73,0.000916,0.011695,0.002308,-0.006467,-0.014673,-0.003435,0.999866,soldier,290,330,160,271,0.990251,9.918720,0.053346,0.000000
1628079691.408157,74,0.001343,0.015577,0.007848,-0.008563,0.014589,-0.008105,0.999824,soldier,289,330,141,258,0.796782,9.798162,-0.032600,0.000000
1628079691.678025,77,-0.008314,0.028814,0.069298,-0.014456,0.074419,-0.006909,0.997098,soldier,292,335,46,164,0.968399,9.846864,-0.039287,0.000000
1628079691.808113,78,-0.017086,0.043419,0.178979,-0.009757,0.068185,-0.018270,0.997458,soldier,285,329,45,159,0.982479,9.832667,-0.157548,0.000000
1628079691.874784,79,-0.019103,0.046297,0.213558,-0.011197,0.065103,-0.018758,0.997639,soldier,280,321,41,172,0.894136,9.817857,-0.058702,0.000000
1628079691.941457,80,-0.025698,0.052556,0.293964,-0.015392,0.056466,-0.019474,0.998096,soldier,274,315,48,201,0.750672,9.764854,0.043734,0.000000
1628079692.141446,83,-0.031192,0.067626,0.535391,-0.018944,0.036889,-0.022261,0.998892,soldier,271,310,107,233,0.826186,9.823799,0.073619,0.000000
1628079692.208112,84,-0.031352,0.071212,0.591758,-0.018971,0.032336,-0.022393,0.999046,soldier,271,311,110,242,0.935031,9.811344,0.072787,0.000000
1628079692.274783,85,-0.029054,0.075061,0.616583,-0.018666,0.030388,-0.022804,0.999104,soldier,272,310,125,260,0.921229,9.792809,0.032950,0.000000
1628079692.342427,86,-0.028520,0.079422,0.682562,-0.018062,0.025112,-0.021701,0.999286,soldier,270,311,146,266,0.887602,9.941731,0.078722,0.000000
1628079692.408110,87,-0.026491,0.091621,0.824501,-0.019608,0.016223,-0.020801,0.999460,soldier,273,313,152,276,0.863282,9.770661,0.057162,0.000000
1628079692.474788,88,-0.022647,0.086860,0.847033,-0.018747,0.015857,-0.020958,0.999479,soldier,277,317,164,296,0.954056,9.763801,-0.012139,0.000000
1628079692.541466,89,-0.010695,0.086206,0.935873,-0.009319,0.011320,-0.023318,0.999621,soldier,271,313,169,292,0.955604,9.778265,0.016068,0.000000
1628079692.608117,90,-0.004633,0.087581,0.974735,-0.010178,0.012068,-0.020427,0.999667,soldier,268,308,180,307,0.971417,9.942893,0.122177,0.000000
1628079692.674783,91,-0.002391,0.089192,1.005696,-0.016076,0.011149,-0.016162,0.999678,soldier,268,311,186,297,0.982488,9.944413,0.183455,0.000000
1628079692.741452,92,0.006622,0.095112,1.055055,-0.023475,0.010813,-0.012664,0.999586,soldier,273,314,186,305,0.924469,9.788405,0.201637,0.000000
1628079692.808116,93,-0.002013,0.103191,1.049435,-0.023766,0.010254,-0.014531,0.999559,soldier,279,320,190,309,0.990868,9.937270,0.067544,0.000000
1628079692.874784,94,0.007614,0.110149,1.092986,-0.015045,0.009120,-0.015571,0.999724,soldier,281,320,191,313,0.988959,9.945493,0.028182,0.000000
1628079693.008098,95,0.005045,0.116315,1.098138,-0.011338,0.001118,-0.017609,0.999780,soldier,283,317,190,340,0.968186,9.945265,0.018044,0.000000
1628079693.141448,97,0.029006,0.118491,1.122591,-0.004378,-0.014294,-0.022185,0.999642,soldier,273,314,221,346,0.935453,9.824063,0.037141,0.000000
1628079693.208423,98,0.045248,0.118657,1.113109,-0.004222,-0.011834,-0.021524,0.999689,soldier,272,314,224,345,0.984244,9.838916,0.050228,0.000000
1628079693.274837,99,0.068133,0.115043,1.114218,-0.003250,-0.009222,-0.022675,0.999695,soldier,272,313,221,349,0.986194,9.859799,0.024836,0.000000
1628079693.341612,100,0.098415,0.110025,1.115704,-0.001223,-0.008591,-0.022132,0.999717,soldier,271,313,221,339,0.970211,9.889542,0.058287,0.000000
1628079693.408133,101,0.148812,0.100163,1.096105,0.000572,-0.009486,-0.019065,0.999773,soldier,270,312,219,339,0.958596,10.101379,0.110006,0.000000
1628079693.474807,102,0.173189,0.096296,1.096113,0.000574,-0.010686,-0.015562,0.999822,soldier,272,314,219,339,0.909884,9.808807,0.147972,0.000000
1628079693.541921,103,0.259953,0.081764,1.101068,0.001325,-0.010726,-0.009425,0.999897,soldier,280,320,220,339,0.941832,9.892868,0.150865,0.000000
1628079693.608129,104,0.265322,0.080745,1.102252,0.001519,-0.010838,-0.009216,0.999898,soldier,282,326,222,344,0.992777,9.747803,0.078162,0.000000
1628079693.674802,105,0.298431,0.076211,1.105653,0.000856,-0.013220,-0.008882,0.999873,soldier,285,328,219,343,0.983151,9.931341,0.054037,0.000000
1628079693.741470,106,0.399809,0.071810,1.102939,0.000721,-0.014715,-0.012252,0.999816,soldier,286,329,222,346,0.986753,10.033903,-0.040688,0.000000
1628079693.808170,107,0.406517,0.071320,1.102901,0.000662,-0.014408,-0.012284,0.999821,soldier,283,327,229,346,0.992452,10.043145,0.008905,0.000000
1628079693.874909,108,0.457631,0.067622,1.101988,0.000234,-0.013686,-0.013676,0.999813,soldier,283,326,229,348,0.991607,9.944034,-0.020607,0.000000
1628079693.941472,109,0.496024,0.067470,1.101415,-0.000928,-0.014945,-0.015090,0.999774,soldier,282,325,225,347,0.994013,9.982252,-0.023630,0.000000
1628079694.009197,110,0.553793,0.068455,1.098743,-0.003916,-0.015372,-0.016682,0.999735,soldier,279,322,224,348,0.993231,10.041553,-0.005459,0.000000
1628079694.074765,111,0.638833,0.073045,1.090033,-0.004319,-0.015801,-0.021547,0.999634,soldier,276,320,223,352,0.990644,9.981266,-0.066573,0.000000
1628079694.141448,112,0.694962,0.075329,1.089537,-0.003629,-0.021907,-0.024888,0.999444,soldier,271,317,227,346,0.958657,10.041683,-0.051988,0.000000
1628079694.208110,113,0.766250,0.074002,1.095641,-0.003439,-0.019161,-0.024830,0.999502,soldier,266,311,222,357,0.973603,10.117576,0.021002,0.000000
1628079694.274782,114,0.816356,0.073765,1.098386,-0.001193,-0.022599,-0.025946,0.999407,soldier,265,311,229,353,0.961755,9.891338,0.003885,0.000000
1628079694.341448,115,0.833719,0.075525,1.098436,-0.001427,-0.023133,-0.026056,0.999392,soldier,266,309,228,369,0.972985,10.053150,0.026040,0.000000
1628079694.408111,116,0.919648,0.077839,1.097866,-0.003572,-0.022228,-0.024339,0.999450,soldier,265,310,232,364,0.989784,9.998846,0.034379,0.000000
1628079694.474783,117,0.969527,0.075781,1.097135,-0.004179,-0.023212,-0.023051,0.999456,soldier,266,312,230,366,0.990530,10.186858,0.054813,0.000000
1628079694.541455,118,1.030262,0.073781,1.093978,-0.005276,-0.025729,-0.018691,0.999480,soldier,268,313,230,367,0.992622,9.977209,0.083293,0.000000
1628079694.608116,119,1.081837,0.071079,1.089194,-0.006857,-0.027504,-0.013176,0.999511,soldier,272,321,237,364,0.945955,10.028396,0.107043,0.000000
1628079694.674787,120,1.138802,0.058869,1.090166,-0.005465,-0.031032,-0.008301,0.999469,soldier,278,328,245,359,0.991483,9.955521,0.089030,0.000000
1628079694.741449,121,1.210808,0.053747,1.088767,-0.005949,-0.029207,-0.006165,0.999537,soldier,284,332,244,372,0.991109,10.031008,0.050323,0.000000
1628079694.808116,122,1.252937,0.058140,1.087359,-0.008675,-0.027819,-0.003184,0.999570,soldier,285,334,244,372,0.990099,10.071871,0.080649,0.000000
1628079694.874779,123,1.312061,0.057469,1.090284,-0.012066,-0.026246,-0.000308,0.999583,soldier,289,338,235,372,0.993734,10.125813,0.058463,0.000000
1628079694.941450,124,1.376587,0.060084,1.095879,-0.011727,-0.023582,0.001291,0.999652,soldier,294,341,231,377,0.990649,10.063175,0.043008,0.000000
1628079695.008120,125,1.424793,0.064599,1.096920,-0.010737,-0.023932,0.001268,0.999655,soldier,297,344,233,370,0.964914,10.110629,0.003171,0.000000
1628079695.074787,126,1.500713,0.071569,1.093084,-0.007196,-0.025660,-0.002380,0.999642,soldier,298,344,232,371,0.986038,10.185836,-0.048818,0.000000
1628079695.141443,127,1.543810,0.075183,1.090382,-0.005913,-0.025561,-0.005812,0.999639,soldier,294,343,226,381,0.973966,10.108102,-0.079023,0.000000
1628079695.208128,128,1.601745,0.081387,1.087874,-0.006882,-0.027783,-0.011202,0.999528,soldier,289,339,228,374,0.992004,10.044917,-0.095211,0.000000
1628079695.274802,129,1.660623,0.089135,1.086190,-0.007277,-0.027355,-0.015721,0.999476,soldier,284,333,229,376,0.989580,9.989638,-0.095390,0.000000
1628079695.341468,130,1.701698,0.093798,1.087057,-0.005953,-0.024919,-0.019443,0.999483,soldier,278,329,239,369,0.994376,10.031450,-0.086263,0.000000
1628079695.408136,131,1.752772,0.105083,1.081236,-0.005626,-0.026665,-0.020799,0.999412,soldier,272,325,232,370,0.986314,10.084432,-0.009112,0.000000
1628079695.474789,132,1.759621,0.095876,1.085056,-0.005265,-0.026536,-0.020109,0.999432,soldier,271,323,230,375,0.985947,10.093411,0.015107,0.000000
1628079695.541451,133,1.847520,0.099015,1.083363,-0.005398,-0.022712,-0.021603,0.999494,soldier,272,322,226,377,0.986950,10.178700,-0.007025,0.000000
1628079695.608121,134,1.899738,0.097991,1.080255,-0.004575,-0.023418,-0.021784,0.999478,soldier,271,322,227,372,0.961735,10.007643,-0.006844,0.000000
1628079695.674780,135,1.955999,0.098337,1.074823,-0.005413,-0.022661,-0.018670,0.999554,soldier,270,322,227,372,0.930109,10.063956,0.043124,0.000000
1628079695.741446,136,2.023202,0.093971,1.070032,-0.004966,-0.021445,-0.013912,0.999661,soldier,270,327,229,368,0.944278,10.022673,0.094892,0.000000
1628079695.808112,137,2.044253,0.085765,1.070274,-0.004695,-0.021717,-0.012381,0.999676,soldier,276,330,225,370,0.947535,9.836820,0.049572,0.000000
1628079695.874755,138,2.144885,0.079790,1.071133,-0.006471,-0.018286,-0.006452,0.999791,soldier,283,335,217,382,0.974240,9.835723,0.052228,0.000000
1628079695.941448,139,2.193667,0.077096,1.076531,-0.007915,-0.018488,-0.003723,0.999791,soldier,285,339,214,383,0.959640,9.694914,0.050365,0.000000
1628079696.008114,140,2.255901,0.079657,1.081907,-0.009470,-0.021500,-0.005010,0.999711,soldier,291,342,201,384,0.947222,9.574528,-0.022517,0.000000
1628079696.074972,141,2.320431,0.079807,1.085214,-0.007762,-0.020222,-0.005071,0.999753,soldier,290,342,199,399,0.974741,9.469425,-0.002175,0.000000
1628079696.141454,142,2.369141,0.079807,1.086089,-0.008233,-0.020585,-0.004464,0.999744,soldier,290,342,199,399,0.981729,9.603636,0.005244,0.000000
1628079696.208112,143,2.416832,0.088717,1.083907,-0.008111,-0.023195,-0.004669,0.999687,soldier,291,343,195,405,0.980470,9.484067,-0.005166,0.000000
1628079696.274781,144,2.478671,0.093882,1.078637,-0.006391,-0.023097,-0.009295,0.999670,soldier,291,343,196,408,0.980162,9.546437,-0.064429,0.000000
1628079696.341446,145,2.546831,0.101729,1.076349,-0.005526,-0.022323,-0.014021,0.999637,soldier,287,340,201,401,0.975293,9.531929,-0.064755,0.000000
1628079696.408113,146,2.561775,0.106024,1.081071,-0.005890,-0.022364,-0.013454,0.999642,soldier,283,337,206,397,0.963725,9.390169,-0.031329,0.000000
1628079696.474780,147,2.681200,0.114995,1.084367,-0.005788,-0.018690,-0.019810,0.999612,soldier,276,332,217,386,0.954969,9.508731,-0.037722,0.000000
1628079696.541456,148,2.721989,0.117126,1.086463,-0.005113,-0.020090,-0.021762,0.999548,soldier,271,326,194,399,0.961483,9.475585,0.011945,0.000000
1628079696.608357,149,2.779405,0.118805,1.088853,-0.004305,-0.020763,-0.024229,0.999482,soldier,269,324,194,399,0.942348,9.459421,0.000027,0.000000
1628079696.674792,150,2.835016,0.118477,1.089748,-0.002123,-0.020081,-0.026328,0.999449,soldier,265,321,189,407,0.952753,9.443520,0.009508,0.000000
1628079696.741453,151,2.903725,0.118056,1.087209,0.000439,-0.021551,-0.027573,0.999387,soldier,265,318,186,410,0.969988,9.442474,0.013119,0.000000
1628079696.808118,152,2.925658,0.101468,1.079523,0.001347,-0.021260,-0.026795,0.999414,soldier,262,317,190,407,0.986493,9.465353,0.024550,0.000000
1628079696.874783,153,3.028740,0.092619,1.071407,0.003444,-0.020837,-0.023727,0.999495,soldier,264,317,188,412,0.988512,9.500081,0.057927,0.000000
1628079696.941451,154,3.105202,0.084462,1.067079,0.004569,-0.023880,-0.024275,0.999410,soldier,266,320,186,413,0.987549,9.507339,0.010062,0.000000
1628079697.008120,155,3.163200,0.083126,1.065750,0.004370,-0.023347,-0.022989,0.999454,soldier,266,319,186,420,0.987166,9.502164,0.042679,0.000000
1628079697.074785,156,3.202612,0.080637,1.066375,0.001442,-0.028197,-0.020525,0.999391,soldier,264,319,187,420,0.992068,9.543928,0.068820,0.000000
1628079697.141423,157,3.288670,0.080709,1.071314,-0.002763,-0.033193,-0.020236,0.999240,soldier,268,325,197,421,0.930429,9.566640,0.019876,0.000000
1628079697.208115,158,3.338738,0.079419,1.070020,-0.001946,-0.032595,-0.019916,0.999268,soldier,268,324,210,423,0.971283,9.558536,0.023394,0.000000
1628079697.274777,159,3.406672,0.081817,1.066428,-0.003927,-0.034490,-0.019204,0.999213,soldier,267,324,210,420,0.972257,9.563671,0.049561,0.000000
1628079697.341448,160,3.459821,0.089159,1.066741,-0.003371,-0.037863,-0.020122,0.999075,soldier,267,325,215,421,0.980701,9.558600,0.030396,0.000000
1628079697.408110,161,3.512984,0.091055,1.063247,-0.001803,-0.038667,-0.023115,0.998983,soldier,268,326,214,433,0.964510,9.614639,-0.018939,0.000000
1628079697.474787,162,3.576656,0.094021,1.059952,-0.002210,-0.039287,-0.025426,0.998902,soldier,266,322,204,445,0.891340,9.561895,0.005015,0.000000
1628079697.541455,163,3.614743,0.094252,1.052602,-0.002685,-0.039480,-0.024792,0.998909,soldier,264,319,204,447,0.953251,9.543758,0.028525,0.000000
1628079697.608121,164,3.717542,0.100966,1.051388,-0.007475,-0.032422,-0.023665,0.999166,soldier,265,318,203,447,0.946341,9.584791,0.044065,0.000000
1628079697.674779,165,3.773799,0.103994,1.052810,-0.007375,-0.033315,-0.022968,0.999154,soldier,262,322,202,442,0.950652,9.583325,0.056382,0.000000
1628079697.741449,166,3.843216,0.105954,1.053890,-0.007692,-0.031478,-0.023591,0.999196,soldier,262,322,201,446,0.962037,9.598167,0.050947,0.000000
1628079697.808116,167,3.867927,0.104200,1.056198,-0.006923,-0.031642,-0.023935,0.999189,soldier,262,322,201,443,0.963562,9.622015,0.046261,0.000000
1628079697.874780,168,3.973716,0.102214,1.050395,-0.001007,-0.037447,-0.027074,0.998931,soldier,260,322,198,449,0.969252,9.572724,0.016346,0.000000
1628079697.941446,169,4.026033,0.099715,1.046287,0.000685,-0.039983,-0.025962,0.998863,soldier,258,320,195,458,0.977743,9.529526,0.057752,0.000000
1628079698.008122,170,4.088505,0.092530,1.041320,0.002269,-0.040188,-0.025526,0.998863,soldier,258,323,193,466,0.947601,9.496962,0.043408,0.000000
1628079698.074790,171,4.145963,0.084495,1.037516,0.003981,-0.039009,-0.025646,0.998902,soldier,255,322,207,466,0.933988,9.373285,0.051439,0.000000
1628079698.141451,172,4.216504,0.080034,1.037184,0.004132,-0.035098,-0.026814,0.999016,soldier,258,323,190,469,0.937349,9.348814,0.022251,0.000000
1628079698.208111,173,4.296582,0.077653,1.041321,0.000090,-0.032655,-0.023673,0.999186,soldier,254,322,188,467,0.967996,9.384989,0.061725,0.000000
1628079698.274757,174,4.356118,0.076444,1.054721,-0.002455,-0.031220,-0.021936,0.999269,soldier,257,324,183,473,0.979527,9.400710,0.062510,0.000000
1628079698.341447,175,4.410435,0.077799,1.057280,-0.001858,-0.030012,-0.020832,0.999331,soldier,257,326,181,475,0.970771,9.371149,0.062623,0.000000
1628079698.408110,176,4.475819,0.077630,1.053257,-0.002031,-0.031024,-0.019604,0.999324,soldier,257,328,179,476,0.973612,9.436708,0.061470,0.000000
1628079698.474787,177,4.546149,0.081847,1.052678,-0.000961,-0.032497,-0.021288,0.999245,soldier,256,331,174,483,0.949278,9.390108,0.050781,0.000000
1628079698.541457,178,4.620205,0.088133,1.048968,0.000439,-0.031822,-0.024671,0.999189,soldier,254,332,166,492,0.903065,9.426006,0.026166,0.000000
1628079698.608125,179,4.678881,0.092792,1.045584,0.001174,-0.032397,-0.027731,0.999090,soldier,253,330,162,497,0.952923,9.448032,0.015310,0.000000
1628079698.674781,180,4.743796,0.104329,1.039318,0.003167,-0.026333,-0.029648,0.999208,soldier,248,328,165,493,0.922874,9.472787,0.036251,0.000000
1628079698.741444,181,4.816380,0.111432,1.044467,0.007072,-0.023761,-0.032337,0.999170,soldier,250,330,161,496,0.972073,9.434117,0.011860,0.000000
1628079698.808115,182,4.883895,0.115247,1.050911,0.008059,-0.024068,-0.031708,0.999175,soldier,248,328,160,491,0.989795,9.467988,0.034873,0.000000
1628079698.874778,183,4.943963,0.116802,1.054140,0.006240,-0.024897,-0.030168,0.999215,soldier,246,329,160,493,0.989910,9.460420,0.049799,0.000000
1628079698.941448,184,5.009102,0.111300,1.057573,0.007347,-0.027117,-0.029445,0.999171,soldier,247,332,157,499,0.985512,9.462364,0.052621,0.000000
1628079699.008116,185,5.084644,0.107004,1.052833,0.008254,-0.030213,-0.027378,0.999134,soldier,244,335,157,500,0.982108,9.475696,0.056479,0.000000
1628079699.074841,186,5.158787,0.098783,1.045021,0.008310,-0.032547,-0.022892,0.999173,soldier,243,337,160,496,0.964333,9.458104,0.087471,0.000000
1628079699.141452,187,5.227554,0.087337,1.042373,0.009965,-0.035698,-0.019059,0.999131,soldier,246,341,161,499,0.939649,9.354128,0.087653,0.000000
1628079699.208117,188,5.285637,0.082909,1.040894,0.008776,-0.032101,-0.017793,0.999288,soldier,252,347,145,516,0.947213,9.354166,0.050526,0.000000
1628079699.274783,189,5.372582,0.078179,1.042691,0.003931,-0.026369,-0.011253,0.999581,soldier,253,348,145,515,0.963383,9.383864,0.094860,0.000000
1628079699.341447,190,5.428190,0.076225,1.045682,0.001181,-0.026557,-0.010727,0.999589,soldier,257,358,129,527,0.995503,9.385591,0.042728,0.000000
1628079699.408113,191,5.467392,0.073432,1.049803,0.002659,-0.025972,-0.010100,0.999608,soldier,263,366,143,510,0.990595,9.398000,0.005003,0.000000
1628079699.474831,192,5.541492,0.070980,1.052539,0.002356,-0.025954,-0.008997,0.999620,soldier,262,367,143,507,0.990375,9.397331,0.012062,0.000000
1628079699.541455,193,5.644594,0.078952,1.043442,0.000640,-0.028898,-0.009040,0.999541,soldier,263,367,142,509,0.990425,9.501948,0.018391,0.000000
1628079699.608116,194,5.661974,0.079139,1.042296,0.000393,-0.029211,-0.009585,0.999527,soldier,261,368,146,502,0.986039,9.447028,0.015425,0.000000
1628079699.674783,195,5.681546,0.078432,1.034250,0.000402,-0.029131,-0.009464,0.999531,soldier,259,368,141,511,0.988092,9.397777,0.016788,0.000000
1628079699.741446,196,5.801509,0.084697,1.023071,0.000612,-0.026207,-0.013072,0.999571,soldier,253,363,140,511,0.990060,9.450363,0.036307,0.000000
1628079699.808127,197,5.870527,0.084945,1.023126,0.002021,-0.018040,-0.013802,0.999740,soldier,248,363,137,510,0.988666,9.449845,0.042709,0.000000
1628079699.874990,198,5.908416,0.085392,1.023687,0.003571,-0.017348,-0.014501,0.999738,soldier,248,361,114,517,0.991616,9.383578,0.049454,0.000000
1628079699.941463,199,5.961515,0.081896,1.025723,0.004357,-0.015845,-0.014860,0.999755,soldier,245,357,101,525,0.986738,9.358902,0.062613,0.000000
1628079700.008117,200,6.069103,0.085603,1.021102,0.006575,-0.017773,-0.015814,0.999695,soldier,242,360,93,534,0.986090,9.411200,0.061477,0.000000
1628079700.074809,201,6.084700,0.085397,1.020111,0.006535,-0.018271,-0.015785,0.999687,soldier,239,360,95,537,0.976102,9.355679,0.070727,0.000000
1628079700.141445,202,6.144863,0.083730,1.016642,0.007272,-0.018980,-0.013605,0.999701,soldier,236,361,90,538,0.951428,9.398503,0.083460,0.000000
1628079700.208129,203,6.213715,0.082393,1.015368,0.006557,-0.020803,-0.009931,0.999713,soldier,240,362,91,541,0.977614,9.417031,0.096857,0.000000
1628079700.274818,204,6.280782,0.079650,1.013330,0.005951,-0.021094,-0.009277,0.999717,soldier,245,363,97,535,0.972362,9.450112,0.081225,0.000000
1628079700.341463,205,6.348898,0.073210,1.019689,0.003728,-0.016104,-0.007583,0.999835,soldier,247,363,100,536,0.979923,9.451983,0.084231,0.000000
1628079700.408135,206,6.391462,0.072954,1.021831,-0.000643,-0.017612,-0.005526,0.999829,soldier,243,365,91,531,0.950523,9.401491,0.093555,0.000000
1628079700.474794,207,6.437476,0.073006,1.024944,-0.003338,-0.019082,-0.005428,0.999798,soldier,246,371,95,525,0.949618,9.418698,0.069224,0.000000
1628079700.541565,208,6.497470,0.075979,1.026552,-0.003246,-0.016765,-0.005055,0.999841,soldier,245,373,94,527,0.956350,9.419659,0.074452,0.000000
1628079700.608278,209,6.555950,0.078607,1.026177,-0.003423,-0.015027,-0.005000,0.999869,soldier,244,372,87,529,0.924804,9.357001,0.084751,0.000000
1628079700.674797,210,6.671586,0.087546,1.017213,0.000132,-0.015509,-0.011600,0.999812,soldier,243,373,96,519,0.918242,9.459647,0.058507,0.000000
1628079700.741784,211,6.729264,0.092341,1.014575,0.002245,-0.016992,-0.017122,0.999706,soldier,238,373,91,522,0.899987,9.467007,0.041661,0.000000
1628079700.808124,212,6.758117,0.094787,1.013852,0.002306,-0.014648,-0.018260,0.999723,soldier,232,374,81,541,0.942392,9.459038,0.052994,0.000000
1628079701.008121,215,6.906787,0.113066,1.019384,0.006940,-0.009920,-0.024664,0.999622,soldier,221,362,49,521,0.921941,9.405927,0.089063,0.000000
1628079701.074784,216,6.967478,0.113157,1.023140,0.007354,-0.008460,-0.024270,0.999643,soldier,219,360,35,534,0.913153,9.386544,0.098340,0.000000
1628079701.141506,217,7.009552,0.114621,1.022553,0.007989,-0.009159,-0.024006,0.999638,soldier,218,361,31,536,0.889460,9.400594,0.101254,0.000000
1628079701.208126,218,7.077480,0.114439,1.019729,0.009213,-0.012043,-0.022596,0.999630,soldier,216,362,28,539,0.889291,9.414179,0.114219,0.000000
1628079701.275136,219,7.136286,0.106876,1.017145,0.009838,-0.012629,-0.018975,0.999692,soldier,211,367,33,532,0.858571,9.402870,0.123162,0.000000
1628079701.341497,220,7.197188,0.098415,1.010650,0.012464,-0.014200,-0.017875,0.999662,soldier,209,372,32,533,0.767455,9.422634,0.113839,0.000000
1628079701.408184,221,7.237855,0.094322,1.004897,0.014245,-0.012600,-0.018437,0.999649,soldier,205,375,24,535,0.770440,9.406728,0.107008,0.000000
1628079701.474790,222,7.310497,0.091989,1.005594,0.013220,-0.007395,-0.014689,0.999777,soldier,199,380,28,526,0.769593,9.418321,0.119983,0.000000
1628079701.541459,223,7.364832,0.090834,1.009125,0.006146,-0.009898,-0.010448,0.999878,soldier,205,397,20,544,0.763478,9.436108,0.096859,0.000000
1628079701.608121,224,7.419466,0.085533,1.011723,0.004031,-0.013091,-0.009942,0.999857,soldier,205,397,48,514,0.776242,9.443049,0.093051,0.000000
1628079701.674811,225,7.464525,0.086136,1.013690,0.004221,-0.013420,-0.009541,0.999856,soldier,208,391,119,486,0.759795,9.411923,0.100610,0.000000
1628079701.808137,227,7.576485,0.099245,1.014525,0.005594,-0.017862,-0.010078,0.999774,soldier,204,394,117,488,0.794173,9.412532,0.111176,0.000000
1628079701.874814,228,7.639252,0.103320,1.011746,0.006960,-0.019247,-0.012850,0.999708,soldier,203,397,116,489,0.754056,9.417415,0.105316,0.000000
1628079705.874782,288,8.434070,0.154697,1.031727,0.003279,-0.009061,0.702763,0.711359,dog,505,555,324,409,0.822751,9.466454,2.984336,0.000000
1628079705.941448,289,8.431247,0.171487,1.030901,0.003502,-0.008549,0.702563,0.711561,dog,507,558,326,406,0.827423,9.474822,2.987183,0.000000
1628079706.008124,290,8.412711,0.213541,1.028787,0.003741,-0.006566,0.700640,0.713475,dog,504,563,330,413,0.896475,9.472162,3.008611,0.000000
1628079706.074791,291,8.411292,0.221257,1.028570,0.003900,-0.006683,0.700206,0.713899,dog,509,559,321,411,0.811296,9.459615,2.977080,0.000000
1628079706.141500,292,8.403449,0.245270,1.024470,0.004042,-0.007681,0.698517,0.715541,dog,504,562,331,412,0.865775,9.455861,2.972396,0.000000
1628079706.208115,293,8.393467,0.293571,1.023854,0.005073,-0.012157,0.694183,0.719678,dog,504,564,327,419,0.925507,9.480982,3.011777,0.000000
1628079706.274782,294,8.391103,0.326645,1.022256,0.006917,-0.013320,0.690637,0.723046,dog,501,560,334,426,0.958703,9.470867,2.989422,0.000000
1628079706.341451,295,8.383962,0.365829,1.021910,0.006299,-0.013428,0.688013,0.725547,dog,500,554,337,428,0.886575,9.455297,2.986788,0.000000
1628079706.408114,296,8.382225,0.398283,1.018749,0.007055,-0.014732,0.685415,0.727969,dog,496,556,344,437,0.814446,9.438221,2.947591,0.000000
1628079706.474792,297,8.378466,0.434268,1.020828,0.009561,-0.015473,0.683059,0.730136,dog,494,556,348,438,0.927936,9.424616,2.936906,0.000000
1628079706.541452,298,8.373955,0.486930,1.019566,0.011454,-0.015739,0.681765,0.731312,dog,500,553,341,453,0.956646,9.408149,2.925719,0.000000
1628079706.608145,299,8.373114,0.513310,1.019124,0.011894,-0.014910,0.681673,0.731409,dog,501,555,348,453,0.963951,9.393045,2.903548,0.000000
1628079706.674777,300,8.372877,0.583652,1.010049,0.015126,-0.012232,0.680567,0.732427,dog,505,559,349,453,0.926870,9.405986,2.950525,0.000000
1628079706.741475,301,8.371271,0.651936,1.004199,0.017841,-0.010185,0.680193,0.732745,dog,509,566,345,458,0.788352,9.401503,2.971341,0.000000
1628079706.941446,304,8.397335,0.812904,0.998900,0.018869,-0.012320,0.685723,0.727514,dog,515,612,361,476,0.821583,9.426047,2.992975,0.000000
1628079707.141451,307,8.405325,0.981966,1.012692,0.012465,-0.015964,0.690705,0.722853,dog,557,640,369,477,0.852521,9.427000,2.959726,0.000000
1628079723.274779,549,1.030679,2.958095,0.910842,0.050833,-0.004372,0.997945,0.038770,dog,616,638,394,439,0.760116,-1.298522,4.361366,0.000000
1628079731.408210,670,-0.277275,0.454885,0.852170,-0.012336,-0.002879,-0.005427,0.999905,soldier,278,321,192,305,0.810773,9.662590,0.606358,0.000000
1628079731.474784,671,-0.267220,0.450916,0.854324,-0.011283,-0.003480,-0.000339,0.999930,soldier,287,333,207,301,0.950041,9.671092,0.544118,0.000000
1628079731.541571,672,-0.244706,0.452594,0.856710,-0.009630,-0.006878,0.007967,0.999898,soldier,303,341,205,318,0.935694,9.695588,0.499743,0.000000
1628079731.608160,673,-0.227686,0.446902,0.855015,-0.006986,-0.008889,0.010398,0.999882,soldier,310,350,206,325,0.985454,9.399882,0.412889,0.000000
1628079731.674839,674,-0.184908,0.440605,0.863681,-0.005304,-0.009482,0.012125,0.999867,soldier,313,354,213,327,0.988360,9.600605,0.388135,0.000000
1628079731.741478,675,-0.143303,0.423398,0.856427,-0.004942,-0.007887,0.013330,0.999868,soldier,313,355,215,327,0.987483,9.642908,0.368509,0.000000
1628079731.874803,676,-0.032335,0.400154,0.852534,-0.004149,-0.006188,0.015563,0.999851,soldier,312,355,213,326,0.987520,9.752172,0.415207,0.000000
1628079731.941473,677,-0.011929,0.401863,0.851452,-0.003392,-0.006844,0.015202,0.999855,soldier,312,353,211,325,0.991561,9.617018,0.410494,0.000000
1628079732.008147,678,0.040361,0.400079,0.846315,-0.002195,-0.010234,0.013681,0.999852,soldier,311,353,212,329,0.984273,9.670344,0.405181,0.000000
1628079732.074810,679,0.098866,0.403886,0.834228,-0.001842,-0.014456,0.009901,0.999845,soldier,309,351,215,328,0.967324,9.729538,0.361786,0.000000
1628079732.141443,680,0.145865,0.408998,0.834628,-0.001003,-0.011023,0.007434,0.999911,soldier,306,348,221,337,0.924440,9.627420,0.370725,0.000000
1628079732.274783,681,0.242723,0.426378,0.840357,0.002925,-0.011998,-0.000403,0.999924,soldier,296,339,211,333,0.969339,9.720133,0.391319,0.000000
1628079732.341461,682,0.292020,0.430525,0.842262,0.003767,-0.011041,-0.000845,0.999932,soldier,292,337,215,331,0.960771,9.623665,0.412948,0.000000
1628079732.408140,683,0.352913,0.434514,0.844875,0.002884,-0.012768,-0.000860,0.999914,soldier,292,337,214,332,0.970278,9.685032,0.416118,0.000000
1628079732.475413,684,0.404342,0.433350,0.841947,0.003246,-0.014953,-0.001220,0.999882,soldier,296,336,213,347,0.977190,9.598681,0.409273,0.000000
1628079732.541485,685,0.451000,0.435259,0.837574,0.004002,-0.015463,-0.001523,0.999871,soldier,294,337,216,346,0.988455,9.787404,0.405807,0.000000
1628079732.608132,686,0.557677,0.433176,0.830345,0.005906,-0.022535,0.002483,0.999726,soldier,293,338,215,351,0.991171,9.755731,0.478609,0.000000
1628079732.741451,687,0.665054,0.426780,0.824073,0.009007,-0.022830,0.010657,0.999642,soldier,296,340,219,359,0.963771,9.728847,0.599248,0.000000
1628079732.808120,688,0.720499,0.431216,0.837649,0.005281,-0.019153,0.014955,0.999691,soldier,307,353,223,350,0.986052,9.784951,0.487886,0.000000
1628079732.874991,689,0.814846,0.427753,0.843202,0.001247,-0.019325,0.023402,0.999539,soldier,313,363,223,348,0.989704,9.749489,0.514176,0.000000
1628079732.941458,690,0.877014,0.428192,0.846344,-0.001987,-0.020715,0.028180,0.999386,soldier,319,368,222,352,0.924706,9.684592,0.525932,0.000000
1628079733.008584,691,0.949207,0.426041,0.850517,-0.000851,-0.025000,0.031310,0.999197,soldier,327,376,221,355,0.990187,9.639965,0.463796,0.000000
1628079733.074823,692,1.013880,0.428953,0.848271,0.001430,-0.027562,0.032137,0.999102,soldier,331,379,227,356,0.961587,9.711878,0.414453,0.000000
1628079733.141466,693,1.103402,0.437808,0.843472,0.003239,-0.031047,0.030258,0.999055,soldier,334,379,228,369,0.988498,9.810254,0.369932,0.000000
1628079733.208139,694,1.114255,0.441257,0.834918,0.003267,-0.032355,0.028599,0.999062,soldier,331,379,235,368,0.992105,9.579074,0.369518,0.000000
1628079733.341456,695,1.290438,0.463100,0.826048,0.007080,-0.024220,0.013694,0.999588,soldier,314,366,233,363,0.934452,9.856806,0.363135,0.000000
1628079733.408132,696,1.367210,0.463212,0.825093,0.010653,-0.024783,0.006592,0.999614,soldier,309,359,219,361,0.966129,9.805515,0.334258,0.000000
1628079733.474808,697,1.401786,0.471335,0.821906,0.011297,-0.023282,0.003461,0.999659,soldier,303,351,218,363,0.980035,9.723803,0.380769,0.000000
1628079733.608114,698,1.567510,0.479245,0.820669,0.010843,-0.027169,-0.006879,0.999548,soldier,290,340,214,382,0.978826,9.781707,0.393677,0.000000
1628079733.674793,699,1.687022,0.477701,0.811055,0.011142,-0.026101,-0.008476,0.999561,soldier,286,338,215,382,0.971534,9.792646,0.389608,0.000000
1628079733.741481,700,1.792413,0.471057,0.800823,0.013373,-0.029686,-0.006826,0.999446,soldier,285,338,216,380,0.955638,9.791437,0.432094,0.000000
1628079733.808134,701,1.803887,0.470631,0.800364,0.013203,-0.029124,-0.006600,0.999467,soldier,287,339,209,388,0.976183,9.599114,0.416238,0.000000
1628079733.875045,702,1.919180,0.468009,0.803990,0.005778,-0.020947,-0.000935,0.999763,soldier,288,340,202,380,0.963861,9.326618,0.474653,0.000000
1628079734.008132,703,2.045317,0.464322,0.811130,-0.002041,-0.014880,0.006045,0.999869,soldier,297,352,210,361,0.970419,9.187690,0.433733,0.000000
1628079734.074856,704,2.149053,0.468302,0.813642,-0.001664,-0.021335,0.009195,0.999729,soldier,304,357,199,370,0.978263,9.210702,0.427287,0.000000
1628079734.208137,705,2.349031,0.489217,0.807985,-0.002637,-0.033909,0.010468,0.999367,soldier,310,364,207,395,0.952715,9.264567,0.393325,0.000000
1628079734.274799,706,2.412881,0.494124,0.807213,-0.003063,-0.035345,0.006943,0.999346,soldier,303,367,210,404,0.962063,9.254375,0.368494,0.000000
1628079734.341459,707,2.520707,0.499175,0.811108,-0.001089,-0.027282,0.001135,0.999627,soldier,299,362,214,405,0.925910,9.282477,0.351075,0.000000
1628079734.408583,708,2.564916,0.501521,0.812851,0.000173,-0.027092,-0.002003,0.999631,soldier,295,356,205,400,0.943091,9.247670,0.366949,0.000000
1628079734.474820,709,2.612723,0.503358,0.816010,0.000725,-0.024929,-0.005138,0.999676,soldier,288,346,202,397,0.949136,9.219484,0.416063,0.000000
1628079734.542004,710,2.712289,0.505114,0.820786,0.000207,-0.025952,-0.009364,0.999619,soldier,286,344,196,401,0.941047,9.247607,0.380365,0.000000
1628079734.608212,711,2.761267,0.505397,0.820589,0.000072,-0.028984,-0.011411,0.999515,soldier,282,338,197,406,0.975250,9.231363,0.423337,0.000000
1628079734.674806,712,2.908684,0.490555,0.814719,0.002842,-0.030889,-0.017266,0.999370,soldier,276,338,209,404,0.986532,9.313537,0.353432,0.000000
1628079734.810982,713,3.069482,0.484386,0.796954,0.006288,-0.031529,-0.018196,0.999317,soldier,272,329,198,411,0.988357,9.215695,0.408094,0.000000
1628079734.941471,714,3.168456,0.474446,0.791543,0.003288,-0.024812,-0.013511,0.999595,soldier,271,335,193,410,0.983722,9.250038,0.438077,0.000000
1628079735.008719,715,3.261736,0.480193,0.791220,-0.002762,-0.020635,-0.009071,0.999742,soldier,277,342,193,406,0.961413,9.278705,0.429989,0.000000
1628079735.074895,716,3.374395,0.486679,0.784448,-0.003951,-0.018914,-0.005147,0.999800,soldier,282,346,182,396,0.971172,9.327535,0.436559,0.000000
1628079735.141455,717,3.432464,0.489036,0.784375,-0.002201,-0.022374,-0.005482,0.999732,soldier,284,343,185,416,0.924540,9.333288,0.435975,0.000000
1628079735.208114,718,3.535030,0.489615,0.783966,-0.000914,-0.029796,-0.005254,0.999542,soldier,285,344,189,417,0.963780,9.384251,0.440622,0.000000
1628079735.274788,719,3.598358,0.492628,0.781007,-0.001844,-0.033350,-0.006344,0.999422,soldier,288,348,196,425,0.965958,9.341733,0.401121,0.000000
1628079735.341453,720,3.714417,0.497346,0.780973,-0.004176,-0.034432,-0.011061,0.999337,soldier,286,345,199,433,0.980953,9.302734,0.368221,0.000000
1628079735.408124,721,3.765696,0.498939,0.782376,-0.004658,-0.028187,-0.013175,0.999505,soldier,279,343,201,429,0.973441,9.153665,0.393512,0.000000
1628079735.474806,722,3.864339,0.498278,0.773764,-0.003076,-0.023842,-0.020084,0.999509,soldier,270,337,189,418,0.991816,9.151124,0.379125,0.000000
1628079735.541452,723,3.921497,0.497635,0.776413,-0.002690,-0.020454,-0.022977,0.999523,soldier,266,334,183,424,0.992858,9.117592,0.391599,0.000000
1628079735.608123,724,4.032297,0.495156,0.773752,-0.000053,-0.025134,-0.028890,0.999267,soldier,262,334,171,436,0.969613,9.142431,0.345684,0.000000
1628079735.674789,725,4.068650,0.493182,0.772366,0.000990,-0.026340,-0.030180,0.999197,soldier,256,327,178,444,0.986879,9.143438,0.385676,0.000000
1628079735.741472,726,4.237111,0.481573,0.763478,0.005869,-0.030631,-0.029776,0.999070,soldier,256,326,180,447,0.989526,9.231401,0.383294,0.000000
1628079735.808138,727,4.273281,0.478319,0.761330,0.006678,-0.032691,-0.028469,0.999038,soldier,255,328,176,465,0.988432,9.192466,0.395587,0.000000
1628079735.875476,728,4.304602,0.472858,0.765396,0.007442,-0.035909,-0.026915,0.998965,soldier,262,336,154,498,0.965794,9.108177,0.345028,0.000000
1628079735.941472,729,4.399446,0.468717,0.762325,0.007241,-0.029644,-0.020126,0.999332,soldier,264,338,151,504,0.989620,9.126581,0.395105,0.000000
1628079736.008170,730,4.485337,0.458161,0.761469,0.001476,-0.030637,-0.014141,0.999429,soldier,270,349,152,496,0.995598,9.137953,0.375024,0.000000
1628079736.075072,731,4.625036,0.452131,0.772056,-0.000857,-0.030638,-0.007085,0.999505,soldier,280,358,153,492,0.994400,9.207204,0.360798,0.000000
1628079736.141776,732,4.646362,0.446366,0.774404,-0.000050,-0.032062,-0.006767,0.999463,soldier,283,366,158,496,0.972837,9.196035,0.311569,0.000000
1628079736.208146,733,4.719381,0.442846,0.772972,0.002508,-0.034059,-0.006288,0.999397,soldier,283,369,159,500,0.939762,9.172135,0.305757,0.000000
1628079736.274786,734,4.793331,0.444916,0.766153,0.002499,-0.035806,-0.006944,0.999332,soldier,281,370,163,495,0.927981,9.151383,0.316423,0.000000
1628079736.341523,735,4.893133,0.444518,0.762910,0.000530,-0.038681,-0.009592,0.999205,soldier,279,370,165,492,0.912392,9.072835,0.308589,0.000000
1628079736.474785,736,5.042088,0.444101,0.761511,-0.005346,-0.030985,-0.013769,0.999411,soldier,270,368,154,502,0.974871,9.051855,0.307171,0.000000
1628079736.541455,737,5.137744,0.431972,0.764783,-0.001392,-0.029845,-0.018037,0.999391,soldier,263,367,132,519,0.994098,9.068797,0.298135,0.000000
1628079736.608119,738,5.195162,0.428286,0.768887,-0.000340,-0.029151,-0.019988,0.999375,soldier,258,361,126,525,0.996618,9.075707,0.312346,0.000000
1628079736.674802,739,5.331974,0.415316,0.769936,0.005096,-0.034337,-0.023240,0.999127,soldier,249,359,130,521,0.993034,9.167975,0.309722,0.000000
1628079736.741535,740,5.344370,0.414422,0.769291,0.005518,-0.034367,-0.023178,0.999125,soldier,246,355,133,519,0.980816,9.086736,0.331753,0.000000
1628079736.808140,741,5.503042,0.412500,0.764502,0.008756,-0.035760,-0.015684,0.999199,soldier,247,356,123,526,0.988112,9.178702,0.388168,0.000000
1628079736.874795,742,5.529803,0.411247,0.764302,0.009881,-0.036481,-0.013934,0.999188,soldier,253,370,124,527,0.992840,9.139529,0.344102,0.000000
1628079736.942272,743,5.593921,0.407133,0.763544,0.011126,-0.033568,-0.010369,0.999321,soldier,262,380,136,512,0.985177,8.980901,0.315774,0.000000
1628079737.074992,744,5.765703,0.414681,0.768609,0.001414,-0.026680,0.001512,0.999642,soldier,268,380,133,504,0.984505,9.057790,0.380932,0.000000
1628079737.141458,745,5.858021,0.419355,0.773780,-0.003337,-0.026039,0.005476,0.999640,soldier,275,387,115,521,0.986886,9.097247,0.366681,0.000000
1628079737.208171,746,5.995203,0.424560,0.770410,-0.001287,-0.030156,0.005701,0.999528,soldier,275,391,120,510,0.979194,9.151603,0.367574,0.000000
1628079737.274792,747,6.018463,0.420520,0.768389,-0.001704,-0.031115,0.005974,0.999496,soldier,277,393,113,522,0.988670,9.096370,0.358373,0.000000
1628079737.341460,748,6.102507,0.425039,0.762549,-0.003028,-0.031638,0.006332,0.999475,soldier,275,396,112,522,0.985255,9.119283,0.365675,0.000000
1628079737.408119,749,6.194329,0.425661,0.757733,-0.004319,-0.032583,0.002270,0.999457,soldier,274,393,112,514,0.971473,9.108229,0.351869,0.000000
1628079737.608128,750,6.467335,0.430914,0.760220,0.001820,-0.011951,-0.012386,0.999850,soldier,260,386,116,504,0.939340,9.202283,0.327001,0.000000
1628079737.674782,751,6.486328,0.431091,0.757683,0.002329,-0.013532,-0.013335,0.999817,soldier,251,384,113,503,0.950507,9.173194,0.352378,0.000000
1628079737.741457,752,6.643524,0.429597,0.740453,0.007451,-0.020640,-0.018688,0.999585,soldier,232,388,31,545,0.965980,9.216149,0.361109,0.000000
1628079737.808304,753,6.668397,0.428760,0.738326,0.008360,-0.020972,-0.017960,0.999584,soldier,226,384,38,537,0.935388,9.107646,0.386790,0.000000
1628079737.942430,754,6.825788,0.426684,0.719863,0.013929,-0.025248,-0.011167,0.999522,soldier,231,388,47,518,0.930933,9.001949,0.401884,0.000000
1628079738.009225,755,6.939158,0.418994,0.717958,0.011127,-0.019198,-0.004837,0.999742,soldier,234,403,11,559,0.963645,9.062250,0.388357,0.000000
1628079738.074948,756,7.026845,0.418018,0.721955,0.008571,-0.016266,-0.001946,0.999829,soldier,240,406,25,538,0.916079,9.141164,0.382414,0.000000
1628079738.208130,757,7.110915,0.417370,0.723423,0.005518,-0.017031,0.000074,0.999840,soldier,233,416,26,470,0.883683,9.090533,0.385105,0.000000
1628079738.408128,758,7.372062,0.429234,0.700648,-0.000085,-0.028670,0.001713,0.999587,soldier,231,421,25,469,0.819551,9.280346,0.399766,0.000000
1628079741.208131,789,8.200849,0.609718,0.686280,-0.005530,0.005469,0.707159,0.707011,dog,502,555,300,388,0.873133,9.163979,3.370935,0.000000
1628079741.341476,790,8.333746,0.677651,0.676808,0.005114,0.002235,0.704491,0.709691,dog,507,565,303,381,0.919712,9.347897,3.414945,0.000000
1628079741.408127,791,8.373667,0.697920,0.686928,0.006386,0.001136,0.703464,0.710701,dog,522,574,296,393,0.870865,9.422299,3.372349,0.000000
1628079741.474785,792,8.393509,0.791542,0.695487,0.003948,0.004689,0.697435,0.716621,dog,521,576,311,405,0.931244,9.457446,3.376053,0.000000
1628079741.541455,793,8.396784,0.791411,0.715565,0.004587,0.002891,0.696215,0.717812,dog,523,575,307,416,0.939584,9.445285,3.297605,0.000000
1628079741.608120,794,8.406132,0.831064,0.721614,0.007274,0.000273,0.693906,0.720029,dog,521,571,308,414,0.905482,9.446623,3.324758,0.000000
1628079741.674781,795,8.429410,0.923513,0.731979,0.008181,0.000495,0.690969,0.722838,dog,516,575,328,420,0.787474,9.450600,3.320130,0.000000
1628079741.741472,796,8.441603,0.967229,0.734661,0.010031,-0.001317,0.691088,0.722699,dog,515,578,336,414,0.913387,9.451986,3.327948,0.000000
1628079741.808771,797,8.467739,1.059464,0.736126,0.011744,-0.001957,0.691702,0.722085,dog,519,580,330,428,0.825824,9.454724,3.351288,0.000000
1628079741.941456,799,8.488219,1.159002,0.736267,0.015109,-0.003251,0.693883,0.719922,dog,518,607,331,449,0.793583,9.455871,3.341373,0.000000
1628079742.008143,800,8.502136,1.252837,0.759728,0.015261,-0.001064,0.698961,0.714996,dog,528,622,335,457,0.876427,9.459115,3.393198,0.000000
1628079759.341447,1042,-0.359373,0.384689,0.776911,-0.000285,-0.004901,0.016632,0.999850,soldier,311,356,203,305,0.946022,9.266896,0.422169,0.000000
1628079759.408117,1043,-0.265105,0.363643,0.739687,-0.004464,-0.009102,0.011804,0.999879,soldier,316,358,198,325,0.988274,9.363539,0.256808,0.000000
1628079759.474784,1044,-0.250828,0.371663,0.741664,-0.005090,-0.007269,0.008551,0.999924,soldier,315,357,199,326,0.990635,9.227158,0.204292,0.000000
1628079759.541457,1045,-0.212055,0.364852,0.743477,-0.006123,-0.003218,0.003741,0.999969,soldier,311,354,207,320,0.992448,9.412809,0.177225,0.000000
1628079759.608130,1046,-0.163128,0.377244,0.735151,-0.005345,-0.010081,-0.006523,0.999914,soldier,307,348,201,321,0.938990,9.457089,0.069683,0.000000
1628079759.674824,1047,-0.076127,0.359757,0.738356,-0.000869,-0.011560,-0.010140,0.999881,soldier,295,338,201,332,0.973794,9.397443,0.163550,0.000000
1628079759.741487,1048,-0.032860,0.352174,0.738951,-0.000919,-0.014100,-0.010340,0.999847,soldier,289,337,215,323,0.992041,9.295919,0.179794,0.000000
1628079759.808137,1049,0.006069,0.344258,0.737988,-0.000598,-0.015580,-0.010907,0.999819,soldier,287,332,215,328,0.978243,9.196727,0.236688,0.000000
1628079759.874814,1050,0.114522,0.328851,0.735242,0.001991,-0.018458,-0.014237,0.999726,soldier,288,332,217,341,0.956351,9.449081,0.158693,0.000000
1628079759.941444,1051,0.157207,0.321927,0.732059,0.001771,-0.019788,-0.014439,0.999698,soldier,286,330,216,343,0.973894,9.352419,0.174716,0.000000
1628079760.008120,1052,0.202555,0.312721,0.729200,0.002772,-0.020715,-0.014101,0.999682,soldier,283,328,219,344,0.983617,9.399702,0.196507,0.000000
1628079760.074807,1053,0.303209,0.308563,0.746189,0.004109,-0.014131,-0.011405,0.999827,soldier,283,327,219,347,0.991192,9.500063,0.267615,0.000000
1628079760.141482,1054,0.357855,0.301564,0.747323,0.000032,-0.009813,-0.008765,0.999913,soldier,283,326,219,351,0.990934,9.415702,0.306114,0.000000
1628079760.208133,1055,0.531787,0.333169,0.746998,-0.005640,-0.002355,-0.000688,0.999981,soldier,282,329,213,327,0.990639,9.448268,0.455118,0.000000
1628079760.275043,1056,0.567328,0.333744,0.746749,-0.006481,-0.002459,0.001017,0.999975,soldier,284,334,213,324,0.991332,9.483367,0.438993,0.000000
1628079760.341459,1057,0.655874,0.338997,0.741893,-0.005726,-0.007984,0.004109,0.999943,soldier,291,337,195,329,0.987722,9.572144,0.430948,0.000000
1628079760.408130,1058,0.789123,0.344924,0.724365,-0.004250,-0.013642,0.005228,0.999884,soldier,298,344,196,336,0.953912,9.577216,0.362974,0.000000
1628079760.474789,1059,0.814416,0.346815,0.722575,-0.004707,-0.015127,0.005013,0.999862,soldier,299,345,204,339,0.967391,9.480374,0.337271,0.000000
1628079760.541451,1060,0.913796,0.343862,0.720714,-0.006904,-0.019218,0.005289,0.999777,soldier,301,345,209,354,0.967204,9.463205,0.314556,0.000000
1628079760.608116,1061,1.069000,0.349045,0.707524,-0.005788,-0.010511,-0.002267,0.999925,soldier,299,346,211,357,0.980846,9.736437,0.210645,0.000000
1628079760.674788,1062,1.088630,0.356967,0.704143,-0.004619,-0.010622,-0.005956,0.999915,soldier,297,344,213,356,0.950329,9.514458,0.183124,0.000000
1628079760.741445,1063,1.163236,0.358149,0.706697,-0.000543,-0.007855,-0.011491,0.999903,soldier,289,341,200,342,0.983820,9.702307,0.158237,0.000000
1628079760.808116,1064,1.248868,0.357348,0.705570,-0.000312,-0.010662,-0.014913,0.999832,soldier,282,334,205,336,0.986318,9.671386,0.213548,0.000000
1628079760.874784,1065,1.329655,0.369792,0.700743,0.000200,-0.016723,-0.019715,0.999666,soldier,275,328,204,337,0.988164,9.639422,0.235759,0.000000
1628079760.941442,1066,1.406816,0.365723,0.698303,0.000650,-0.017766,-0.021792,0.999604,soldier,272,325,208,352,0.958586,9.501195,0.244370,0.000000
1628079761.008116,1067,1.566954,0.366977,0.689693,0.001818,-0.020099,-0.018167,0.999631,soldier,268,321,194,373,0.895550,9.774898,0.347224,0.000000
1628079761.074795,1068,1.580235,0.366427,0.689156,0.002025,-0.019882,-0.017358,0.999650,soldier,268,321,195,370,0.931151,9.468531,0.360320,0.000000
1628079761.141448,1069,1.598235,0.382261,0.691151,0.001460,-0.019581,-0.015594,0.999686,soldier,271,326,207,361,0.965610,9.189401,0.363016,0.000000
1628079761.208119,1070,1.767191,0.386816,0.695147,-0.003672,-0.015211,-0.005699,0.999861,soldier,279,332,201,358,0.973857,9.168845,0.434021,0.000000
1628079761.274785,1071,1.863204,0.383900,0.699980,-0.006037,-0.011684,-0.000532,0.999913,soldier,285,340,195,363,0.928042,9.173172,0.408621,0.000000
1628079761.341449,1072,1.958364,0.376809,0.701784,-0.004557,-0.019712,0.003478,0.999789,soldier,290,344,181,377,0.928783,9.098603,0.402897,0.000000
1628079761.408376,1073,2.036602,0.378130,0.700410,-0.001073,-0.024157,0.003745,0.999701,soldier,296,347,196,373,0.923501,9.097154,0.353378,0.000000
1628079761.474805,1074,2.196927,0.376567,0.685555,-0.002171,-0.030603,0.004167,0.999521,soldier,296,349,202,381,0.930048,9.101866,0.357614,0.000000
1628079761.541466,1075,2.221079,0.378102,0.684070,-0.002858,-0.031664,0.003360,0.999489,soldier,297,351,218,381,0.956316,9.053669,0.329610,0.000000
1628079761.608121,1076,2.335705,0.368714,0.685127,-0.003903,-0.029233,-0.000376,0.999565,soldier,294,351,221,387,0.933568,9.094992,0.286841,0.000000
1628079761.674797,1077,2.415674,0.371112,0.687406,-0.003731,-0.022542,-0.004125,0.999730,soldier,288,348,203,403,0.952654,9.096300,0.292686,0.000000
1628079761.741473,1078,2.494593,0.369034,0.678330,0.003142,-0.019691,-0.012474,0.999723,soldier,285,345,195,385,0.919524,9.166339,0.201879,0.000000
1628079761.808116,1079,2.589449,0.367571,0.668967,0.005108,-0.017278,-0.016893,0.999695,soldier,277,339,192,386,0.966869,9.117316,0.233535,0.000000
1628079761.874782,1080,2.658949,0.369374,0.658030,0.006344,-0.020443,-0.019986,0.999571,soldier,270,332,181,389,0.987600,9.118485,0.264577,0.000000
1628079761.941448,1081,2.739436,0.367570,0.653663,0.007165,-0.020009,-0.020944,0.999555,soldier,269,328,184,396,0.991125,9.134674,0.286558,0.000000
1628079762.008120,1082,2.819508,0.369293,0.644389,0.007450,-0.021693,-0.020594,0.999525,soldier,268,327,187,396,0.992075,9.083047,0.294325,0.000000
1628079762.074789,1083,2.927722,0.365304,0.638879,0.008751,-0.025241,-0.017045,0.999498,soldier,268,327,184,399,0.990507,9.130217,0.335667,0.000000
1628079762.141442,1084,2.996654,0.361159,0.635874,0.006500,-0.020562,-0.014091,0.999668,soldier,267,332,194,389,0.985407,9.072411,0.351033,0.000000
1628079762.208124,1085,3.116004,0.353267,0.637165,-0.000915,-0.022449,-0.008042,0.999715,soldier,272,336,189,389,0.981436,9.190522,0.364532,0.000000
1628079762.274813,1086,3.201453,0.350882,0.644505,-0.001362,-0.014868,-0.006298,0.999869,soldier,278,343,187,392,0.956667,9.212464,0.319421,0.000000
1628079762.341448,1087,3.304456,0.345147,0.639884,-0.000787,-0.021135,-0.004184,0.999768,soldier,281,346,185,389,0.971980,9.198927,0.308642,0.000000
1628079762.408186,1088,3.383680,0.344541,0.638105,0.001698,-0.024225,-0.005203,0.999692,soldier,287,347,167,407,0.905795,9.166823,0.267621,0.000000
1628079762.474790,1089,3.463093,0.341637,0.637745,0.002794,-0.024011,-0.006295,0.999688,soldier,284,340,181,419,0.940117,9.198286,0.299247,0.000000
1628079762.541542,1090,3.559197,0.345980,0.640778,-0.002097,-0.025143,-0.008023,0.999649,soldier,281,339,183,417,0.963790,9.188552,0.296497,0.000000
1628079762.608116,1091,3.650291,0.344814,0.632208,-0.004106,-0.021113,-0.012834,0.999686,soldier,280,340,185,417,0.984439,9.125214,0.256983,0.000000
1628079762.674804,1092,3.729895,0.345444,0.634264,-0.000540,-0.016070,-0.016438,0.999736,soldier,274,340,183,417,0.985588,8.967004,0.253541,0.000000
1628079762.741459,1093,3.837542,0.344527,0.636562,0.002336,-0.016889,-0.023012,0.999590,soldier,270,335,161,417,0.986555,8.982338,0.215187,0.000000
1628079762.808144,1094,3.907793,0.346077,0.634552,0.003537,-0.013562,-0.026698,0.999545,soldier,269,328,151,432,0.983744,8.967737,0.222291,0.000000
1628079762.874996,1095,4.007764,0.343358,0.632344,0.004828,-0.019110,-0.030607,0.999337,soldier,260,327,148,434,0.911713,9.028886,0.221248,0.000000
1628079762.942492,1096,4.090181,0.341786,0.623167,0.005688,-0.021189,-0.033477,0.999199,soldier,251,325,155,445,0.918016,9.034279,0.233088,0.000000
1628079763.008126,1097,4.177753,0.341850,0.614164,0.003918,-0.020945,-0.032488,0.999245,soldier,247,324,156,448,0.968882,9.046413,0.269156,0.000000
1628079763.074788,1098,4.261268,0.338138,0.605310,0.001771,-0.024450,-0.030201,0.999243,soldier,247,323,155,447,0.962564,9.053614,0.287023,0.000000
1628079763.141443,1099,4.373040,0.344371,0.613272,-0.001165,-0.016090,-0.028256,0.999471,soldier,249,329,146,465,0.978667,9.050837,0.274165,0.000000
1628079763.208156,1100,4.436990,0.342903,0.614252,-0.004034,-0.014972,-0.026442,0.999530,soldier,250,330,147,461,0.957508,9.077862,0.288156,0.000000
1628079763.274793,1101,4.547174,0.343052,0.613195,-0.002227,-0.011395,-0.023440,0.999658,soldier,252,330,141,459,0.935030,9.115959,0.305876,0.000000
1628079763.341447,1102,4.633605,0.339861,0.610468,-0.002008,-0.013869,-0.020001,0.999702,soldier,249,334,139,460,0.876199,9.102250,0.334431,0.000000
1628079763.408112,1103,4.712330,0.346193,0.608756,-0.000318,-0.020279,-0.018808,0.999617,soldier,258,343,100,488,0.941715,9.083779,0.294887,0.000000
1628079763.474788,1104,4.799240,0.349015,0.612570,0.003256,-0.021942,-0.018921,0.999575,soldier,258,348,125,484,0.983719,8.993256,0.278814,0.000000
1628079763.541447,1105,4.896982,0.352525,0.618162,0.002309,-0.023943,-0.020893,0.999492,soldier,259,346,120,505,0.993644,8.980638,0.267744,0.000000
1628079763.608110,1106,4.998314,0.353186,0.613028,-0.001370,-0.023069,-0.024206,0.999440,soldier,254,347,110,526,0.992218,8.976416,0.252263,0.000000
1628079763.674788,1107,5.064947,0.353785,0.614650,0.001484,-0.018564,-0.029140,0.999402,soldier,242,346,128,503,0.989687,8.990864,0.269020,0.000000
1628079763.741448,1108,5.165872,0.353282,0.618143,0.007006,-0.013520,-0.036996,0.999199,soldier,239,342,121,506,0.991875,9.037129,0.222937,0.000000
1628079763.808118,1109,5.166876,0.352088,0.620378,0.007857,-0.012478,-0.037321,0.999195,soldier,235,336,113,512,0.992470,8.943900,0.262612,0.000000
1628079763.875188,1110,5.317884,0.344504,0.625344,0.009385,-0.019239,-0.039608,0.998986,soldier,229,326,105,507,0.953171,9.054161,0.287572,0.000000
1628079763.941443,1111,5.404054,0.340795,0.617530,0.009546,-0.018004,-0.040748,0.998962,soldier,226,328,95,520,0.975404,9.028554,0.277665,0.000000
1628079764.008117,1112,5.564455,0.343490,0.614034,0.008364,-0.017926,-0.031371,0.999312,soldier,226,330,108,512,0.985867,9.085671,0.347836,0.000000
1628079764.074786,1113,5.575820,0.342924,0.613522,0.008888,-0.017890,-0.030840,0.999325,soldier,223,335,118,462,0.974512,8.993755,0.340171,0.000000
1628079764.141444,1114,5.711840,0.348048,0.607246,0.010080,-0.011960,-0.024387,0.999580,soldier,229,338,105,517,0.982496,9.018307,0.365054,0.000000
1628079764.208111,1115,5.812618,0.349775,0.610180,0.003575,-0.008156,-0.013538,0.999869,soldier,228,348,101,474,0.984881,9.077226,0.407354,0.000000
1628079764.274797,1116,5.837265,0.350041,0.611761,0.003045,-0.006755,-0.011595,0.999905,soldier,233,355,92,483,0.978164,9.032313,0.385070,0.000000
1628079764.341462,1117,5.936332,0.354474,0.612205,0.004986,-0.012669,-0.009335,0.999864,soldier,244,372,82,496,0.989741,9.081703,0.337532,0.000000
1628079764.408292,1118,5.986529,0.355780,0.611341,0.008505,-0.015229,-0.010472,0.999793,soldier,257,380,51,525,0.982977,9.035899,0.277111,0.000000
1628079764.474810,1119,6.144565,0.343627,0.612353,0.009199,-0.015885,-0.011896,0.999761,soldier,253,376,114,496,0.960085,9.108019,0.283890,0.000000
1628079764.541458,1120,6.171239,0.339502,0.608055,0.008091,-0.016111,-0.013096,0.999752,soldier,252,374,107,503,0.966713,9.010341,0.274978,0.000000
1628079764.608122,1121,6.252836,0.340341,0.603737,0.006440,-0.012770,-0.016243,0.999766,soldier,245,376,119,489,0.943251,9.012435,0.274107,0.000000
1628079764.674802,1122,6.408172,0.330289,0.591413,0.007136,-0.006333,-0.026256,0.999610,soldier,239,377,41,533,0.963085,9.089768,0.218641,0.000000
1628079764.741477,1123,6.446424,0.329905,0.592067,0.008224,-0.003392,-0.028586,0.999552,soldier,238,373,7,565,0.949972,9.058521,0.223150,0.000000
1628079764.808197,1124,6.522258,0.327518,0.594394,0.008382,-0.000539,-0.029683,0.999524,soldier,227,359,14,554,0.890716,9.018474,0.272563,0.000000
1628079764.874785,1125,6.597911,0.328180,0.596752,0.008956,-0.009622,-0.030291,0.999455,soldier,221,360,13,554,0.892200,9.026731,0.284254,0.000000
1628079764.941443,1126,6.742709,0.328230,0.597602,0.008823,-0.015784,-0.027507,0.999458,soldier,214,368,8,492,0.932036,9.111139,0.289904,0.000000
1628079765.008119,1127,6.755048,0.328063,0.596762,0.008629,-0.016024,-0.026758,0.999476,soldier,213,368,8,562,0.820149,9.055933,0.302469,0.000000
1628079765.074868,1128,6.936402,0.324752,0.595179,0.010621,-0.024592,-0.019717,0.999447,soldier,211,391,12,555,0.797109,9.168999,0.290096,0.000000
1628079765.141456,1129,6.967608,0.323784,0.594543,0.011741,-0.023411,-0.018757,0.999481,soldier,209,395,21,549,0.919991,9.091118,0.289646,0.000000
1628079765.208116,1130,7.018711,0.322633,0.595605,0.011908,-0.018736,-0.016663,0.999615,soldier,214,395,29,532,0.917133,9.042324,0.293257,0.000000
1628079765.274781,1131,7.130758,0.326000,0.602017,0.005446,-0.016033,-0.009524,0.999811,soldier,208,404,26,535,0.918270,9.095227,0.319584,0.000000
1628079765.341444,1132,7.218602,0.333990,0.601662,0.002817,-0.017010,-0.006778,0.999828,soldier,216,405,41,517,0.934189,9.080484,0.323022,0.000000
1628079765.408116,1133,7.263783,0.335831,0.602953,0.004249,-0.020650,-0.007097,0.999753,soldier,224,416,19,536,0.878012,9.053303,0.295981,0.000000
1628079765.474793,1134,7.402015,0.334876,0.599023,0.004634,-0.024513,-0.004416,0.999679,soldier,229,416,32,521,0.781863,9.115408,0.301324,0.000000
1628079767.808138,1169,8.096256,0.660544,0.552694,-0.001110,0.001301,0.693803,0.720163,dog,483,536,302,392,0.866905,9.055762,3.319145,0.000000
1628079767.941513,1171,8.100262,0.690857,0.556601,-0.000903,0.004095,0.694285,0.719688,dog,494,553,313,398,0.933298,9.080452,3.267001,0.000000
1628079768.008127,1172,8.105308,0.714733,0.555849,-0.000073,0.005242,0.694532,0.719443,dog,498,557,308,399,0.902513,9.082082,3.236463,0.000000
1628079768.074830,1173,8.112914,0.802191,0.547360,0.006007,0.005563,0.691076,0.722736,dog,498,560,308,399,0.759725,9.104034,3.286428,0.000000
1628079768.141459,1174,8.114043,0.808870,0.546912,0.006508,0.005484,0.690953,0.722850,dog,501,565,310,400,0.838541,9.113167,3.261772,0.000000
1628079768.208123,1175,8.120359,0.856396,0.548036,0.008726,0.002995,0.690213,0.723548,dog,503,567,313,400,0.935306,9.122792,3.289186,0.000000
1628079768.274806,1176,8.128355,0.945177,0.554431,0.009741,0.000212,0.692268,0.721575,dog,516,572,310,410,0.836452,9.126157,3.326506,0.000000
1628079768.341461,1177,8.134677,0.981503,0.554782,0.007259,0.002484,0.693098,0.720803,dog,518,580,325,422,0.825942,9.099385,3.253464,0.000000
1628079768.408128,1178,8.149458,1.092113,0.568235,0.005817,0.001996,0.697063,0.716983,dog,522,582,324,420,0.889256,9.064050,3.281556,0.000000
1628079768.608115,1181,8.149707,1.232230,0.584012,0.006364,-0.001932,0.700632,0.713492,dog,530,625,330,447,0.782298,9.092823,3.332943,0.000000
1628079768.674781,1182,8.149347,1.313714,0.586495,0.011874,-0.005785,0.701187,0.712855,dog,561,640,338,457,0.880228,9.099663,3.284788,0.000000
1628079784.341512,1409,-0.676180,0.558084,0.115000,-0.023291,-0.035086,-0.012290,0.999037,soldier,260,301,209,330,0.947478,9.272322,0.885810,0.000000
1628079784.408138,1410,-0.673408,0.555164,0.048770,-0.020523,-0.043579,-0.006679,0.998817,soldier,267,311,226,336,0.972111,9.277230,0.859658,0.000000
1628079784.474893,1411,-0.670230,0.546993,0.005599,-0.017313,-0.045867,-0.003078,0.998793,soldier,277,319,227,351,0.982332,9.125664,0.759516,0.000000
1628079784.541567,1412,-0.677451,0.562479,-0.084092,-0.013820,-0.045803,-0.000343,0.998855,soldier,282,325,231,348,0.991117,9.116958,0.752675,0.000000
1628079784.608136,1413,-0.677236,0.555718,-0.131793,-0.013539,-0.045983,0.002448,0.998847,soldier,286,328,230,344,0.990995,9.111426,0.724887,0.000000
1628079784.674788,1414,-0.684676,0.559386,-0.263055,-0.017049,-0.043440,0.003707,0.998904,soldier,291,333,229,341,0.994823,9.103293,0.675052,0.000000
1628079784.741476,1415,-0.684736,0.557478,-0.280788,-0.017190,-0.043231,0.003776,0.998910,soldier,295,335,226,339,0.980637,9.262416,0.651023,0.000000
1628079784.808129,1416,-0.689913,0.572694,-0.337924,-0.015693,-0.044987,0.001767,0.998863,soldier,296,335,215,332,0.953108,9.242250,0.605886,0.000000
1628079784.874794,1417,-0.692004,0.575373,-0.390574,-0.014754,-0.044835,0.004167,0.998877,soldier,296,336,210,332,0.989778,9.076863,0.655567,0.000000
1628079784.941452,1418,-0.691383,0.574817,-0.422260,-0.014583,-0.046292,0.006574,0.998800,soldier,297,337,210,329,0.981749,9.234160,0.679155,0.000000
1628079785.008120,1419,-0.690359,0.577948,-0.462173,-0.014064,-0.044025,0.006533,0.998910,soldier,303,342,209,330,0.977429,9.077839,0.601816,0.000000
1628079785.074787,1420,-0.696009,0.591096,-0.517538,-0.010987,-0.040656,0.004114,0.999104,soldier,304,343,208,327,0.965336,9.232423,0.540802,0.000000
1628079785.141444,1421,-0.695841,0.591126,-0.521548,-0.010673,-0.040710,0.003838,0.999107,soldier,305,343,205,322,0.966869,9.228239,0.536374,0.000000
1628079785.208129,1422,-0.699430,0.599411,-0.520581,-0.010637,-0.040746,0.002970,0.999109,soldier,303,343,192,316,0.982358,9.376107,0.556171,0.000000
1628079785.274800,1423,-0.698877,0.602524,-0.565844,-0.011855,-0.040031,0.004086,0.999120,soldier,302,341,192,315,0.964507,9.211140,0.583427,0.000000
1628079785.341458,1424,-0.701840,0.618123,-0.566451,-0.013553,-0.041852,0.001677,0.999031,soldier,303,342,191,313,0.989875,9.205100,0.552881,0.000000
1628079785.408574,1425,-0.698942,0.618712,-0.576894,-0.011657,-0.042061,-0.000592,0.999047,soldier,303,343,192,313,0.989860,9.207237,0.507021,0.000000
1628079785.474813,1426,-0.697648,0.620155,-0.584405,-0.010658,-0.041609,-0.002455,0.999074,soldier,300,341,192,312,0.956254,9.206710,0.497361,0.000000
1628079785.542001,1427,-0.705695,0.630240,-0.596797,-0.010553,-0.038243,-0.003369,0.999207,soldier,297,337,191,312,0.992010,9.043498,0.542297,0.000000
1628079785.608260,1428,-0.703229,0.634470,-0.600962,-0.011793,-0.032741,-0.003107,0.999389,soldier,296,336,190,307,0.985795,9.210898,0.577303,0.000000
1628079785.674789,1429,-0.702347,0.634468,-0.604839,-0.011564,-0.030574,-0.002604,0.999462,soldier,297,335,186,304,0.955182,9.211526,0.587847,0.000000
1628079785.741458,1430,-0.704549,0.642378,-0.613216,-0.011020,-0.028124,-0.002027,0.999542,soldier,297,336,179,293,0.959584,9.044653,0.583919,0.000000
1628079785.808144,1431,-0.704123,0.641098,-0.619216,-0.010406,-0.026581,-0.000853,0.999592,soldier,298,337,173,294,0.979217,9.044790,0.605730,0.000000
1628079785.875312,1432,-0.702529,0.641438,-0.622975,-0.009759,-0.023089,-0.000931,0.999685,soldier,301,341,174,291,0.948927,9.210930,0.550737,0.000000
1628079785.941681,1433,-0.698682,0.640979,-0.622380,-0.008797,-0.019058,-0.001665,0.999778,soldier,301,341,170,293,0.946870,9.059712,0.535693,0.000000
1628079786.008119,1434,-0.700679,0.649557,-0.628626,-0.007609,-0.015809,-0.003678,0.999839,soldier,302,340,166,287,0.910673,9.219585,0.502110,0.000000
1628079786.074786,1435,-0.700084,0.650096,-0.631506,-0.006248,-0.015233,-0.003331,0.999859,soldier,298,337,159,275,0.977319,9.216654,0.562347,0.000000
1628079786.141447,1436,-0.702511,0.646816,-0.636869,-0.005908,-0.018692,-0.001519,0.999807,soldier,298,337,154,275,0.990819,9.206519,0.595622,0.000000
1628079786.208127,1437,-0.702500,0.647442,-0.636939,-0.005692,-0.018632,-0.001313,0.999809,soldier,298,337,155,276,0.989297,9.207642,0.599694,0.000000
1628079786.274926,1438,-0.701387,0.646873,-0.637897,-0.006317,-0.018786,-0.001387,0.999803,soldier,299,338,155,279,0.971177,9.048807,0.573297,0.000000
1628079786.341446,1439,-0.701989,0.648400,-0.639549,-0.006966,-0.019774,-0.002377,0.999777,soldier,301,341,157,279,0.944599,9.207677,0.528489,0.000000
1628079786.408115,1440,-0.701931,0.647554,-0.640078,-0.007003,-0.020722,-0.002822,0.999757,soldier,299,337,160,275,0.941556,9.044468,0.547201,0.000000
1628079786.474788,1441,-0.701763,0.649817,-0.637624,-0.007525,-0.022455,-0.003660,0.999713,soldier,298,337,166,281,0.946216,9.206498,0.556813,0.000000
1628079786.541476,1442,-0.701135,0.649521,-0.637915,-0.007648,-0.022983,-0.003972,0.999699,soldier,298,336,165,283,0.975684,9.206133,0.550571,0.000000
1628079786.608384,1443,-0.703982,0.651232,-0.638562,-0.007476,-0.024672,-0.003870,0.999660,soldier,297,336,167,281,0.983356,9.200259,0.554334,0.000000
1628079786.674797,1444,-0.703895,0.651019,-0.638683,-0.007224,-0.025481,-0.003901,0.999642,soldier,296,336,167,283,0.987841,9.039932,0.580244,0.000000
1628079786.742121,1445,-0.703400,0.650783,-0.639076,-0.006906,-0.026052,-0.003080,0.999632,soldier,297,336,168,285,0.987369,9.040687,0.569589,0.000000
1628079786.808124,1446,-0.705312,0.652640,-0.639957,-0.006803,-0.026711,-0.004681,0.999609,soldier,296,337,171,284,0.988745,9.197710,0.538290,0.000000
1628079786.874797,1447,-0.705134,0.653161,-0.641182,-0.006653,-0.025775,-0.004621,0.999635,soldier,296,337,171,283,0.988294,9.039122,0.541522,0.000000
1628079786.941451,1448,-0.705384,0.653694,-0.641609,-0.006576,-0.025441,-0.004683,0.999644,soldier,295,335,173,283,0.990235,9.041246,0.591880,0.000000
1628079787.008122,1449,-0.704722,0.653016,-0.641857,-0.006395,-0.025061,-0.003927,0.999658,soldier,296,336,171,284,0.991465,9.041136,0.580279,0.000000
1628079787.074792,1450,-0.705943,0.654050,-0.642729,-0.006230,-0.022299,-0.003676,0.999725,soldier,295,336,171,282,0.989360,9.205117,0.584534,0.000000
1628079787.141448,1451,-0.705102,0.653330,-0.642814,-0.006675,-0.020254,-0.005577,0.999757,soldier,298,336,170,284,0.970780,9.208573,0.520136,0.000000
1628079787.208114,1452,-0.706001,0.654170,-0.643920,-0.006946,-0.018224,-0.004346,0.999800,soldier,295,335,168,278,0.972036,9.048990,0.599436,0.000000
1628079787.274805,1453,-0.705416,0.653564,-0.644159,-0.006987,-0.018787,-0.004599,0.999789,soldier,296,335,158,275,0.990040,9.204128,0.568722,0.000000
1628079787.341765,1454,-0.707802,0.655022,-0.645304,-0.007027,-0.018082,-0.004540,0.999802,soldier,296,336,159,275,0.988566,9.204003,0.570917,0.000000
1628079787.408112,1455,-0.707479,0.654521,-0.645396,-0.007016,-0.018352,-0.004570,0.999797,soldier,295,335,160,274,0.988591,9.204084,0.596022,0.000000
1628079787.474784,1456,-0.707108,0.654513,-0.645720,-0.007078,-0.018597,-0.004358,0.999793,soldier,296,335,159,274,0.989934,9.203804,0.574185,0.000000
1628079787.541451,1457,-0.707290,0.654929,-0.646447,-0.007104,-0.018131,-0.004349,0.999801,soldier,296,335,160,273,0.987346,9.204462,0.574741,0.000000
1628079787.608116,1458,-0.706514,0.654412,-0.646571,-0.007133,-0.018553,-0.004196,0.999794,soldier,296,336,159,274,0.989796,9.043943,0.578620,0.000000
1628079787.674809,1459,-0.707580,0.656300,-0.647434,-0.007142,-0.018116,-0.004313,0.999801,soldier,296,336,160,274,0.988767,9.204205,0.576875,0.000000
1628079787.741468,1460,-0.706837,0.655834,-0.647543,-0.007163,-0.018409,-0.004241,0.999796,soldier,296,335,159,275,0.989052,9.204434,0.577911,0.000000
1628079787.808127,1461,-0.709458,0.657969,-0.648475,-0.007227,-0.018168,-0.004221,0.999800,soldier,296,336,159,275,0.990246,9.041676,0.581760,0.000000
1628079787.874796,1462,-0.709169,0.657804,-0.648481,-0.007243,-0.018253,-0.004203,0.999798,soldier,296,335,160,274,0.988001,9.202390,0.580741,0.000000
1628079787.941453,1463,-0.708961,0.658313,-0.648831,-0.007269,-0.018377,-0.004133,0.999796,soldier,296,335,159,275,0.989955,9.202387,0.582678,0.000000
1628079788.008138,1464,-0.712088,0.658916,-0.649975,-0.007242,-0.018218,-0.004236,0.999799,soldier,296,335,159,274,0.989142,9.038955,0.582438,0.000000
1628079788.074790,1465,-0.712025,0.659416,-0.650215,-0.007279,-0.018430,-0.004196,0.999795,soldier,296,336,159,274,0.989701,9.038651,0.583807,0.000000
1628079788.141469,1466,-0.712448,0.660008,-0.650757,-0.007311,-0.018231,-0.004166,0.999798,soldier,296,336,159,275,0.989345,9.038583,0.584999,0.000000
1628079788.208118,1467,-0.711387,0.659467,-0.650871,-0.007345,-0.018323,-0.003986,0.999797,soldier,295,336,160,274,0.989388,9.200082,0.586851,0.000000
1628079788.274787,1468,-0.711467,0.659650,-0.651469,-0.007344,-0.018218,-0.003924,0.999799,soldier,296,336,160,274,0.989681,9.200199,0.588257,0.000000
1628079788.341448,1469,-0.712560,0.660471,-0.652293,-0.007345,-0.018194,-0.003965,0.999800,soldier,296,335,160,273,0.988457,9.038569,0.589439,0.000000
1628079788.408108,1470,-0.714315,0.661886,-0.653049,-0.007359,-0.018187,-0.003923,0.999800,soldier,296,336,159,274,0.990952,9.036833,0.591683,0.000000
1628079788.474781,1471,-0.714995,0.662562,-0.653384,-0.007350,-0.018210,-0.003994,0.999799,soldier,296,335,160,274,0.989833,9.196676,0.589777,0.000000
1628079788.541460,1472,-0.714201,0.662101,-0.653513,-0.007373,-0.018284,-0.003834,0.999798,soldier,296,336,159,274,0.989764,9.197362,0.592554,0.000000
1628079788.608136,1473,-0.717339,0.663200,-0.654483,-0.007358,-0.018267,-0.003983,0.999798,soldier,296,336,159,274,0.990007,9.033659,0.591828,0.000000
1628079788.674809,1474,-0.716647,0.662660,-0.654535,-0.007392,-0.018298,-0.003861,0.999798,soldier,295,336,160,273,0.990197,9.034316,0.593731,0.000000
1628079788.741465,1475,-0.716334,0.662472,-0.654695,-0.007426,-0.018246,-0.003705,0.999799,soldier,296,336,160,274,0.990828,9.034742,0.596625,0.000000
1628079788.808121,1476,-0.716338,0.662835,-0.655100,-0.007448,-0.018205,-0.003697,0.999800,soldier,296,336,159,274,0.989701,9.034813,0.597180,0.000000
1628079788.874784,1477,-0.716231,0.663397,-0.655515,-0.007478,-0.018246,-0.003667,0.999799,soldier,296,336,159,274,0.988981,9.195425,0.597304,0.000000
1628079788.941457,1478,-0.717197,0.664676,-0.656392,-0.007492,-0.018194,-0.003715,0.999800,soldier,296,336,160,274,0.989210,9.194545,0.597644,0.000000
1628079789.008175,1479,-0.718857,0.665864,-0.656856,-0.007531,-0.018294,-0.003684,0.999797,soldier,296,335,159,274,0.989546,9.192710,0.599518,0.000000
1628079789.074823,1480,-0.718794,0.666370,-0.657379,-0.007544,-0.018227,-0.003638,0.999799,soldier,296,335,160,274,0.989470,9.192901,0.600946,0.000000
1628079789.141469,1481,-0.718412,0.667060,-0.657887,-0.007588,-0.018231,-0.003604,0.999799,soldier,296,335,159,274,0.990263,9.032706,0.603420,0.000000
1628079789.208116,1482,-0.721453,0.667156,-0.658760,-0.007562,-0.018331,-0.003632,0.999797,soldier,295,336,160,273,0.990156,9.190055,0.601880,0.000000
1628079789.274782,1483,-0.721241,0.667840,-0.659191,-0.007600,-0.018291,-0.003596,0.999797,soldier,295,336,160,273,0.990330,9.190345,0.603345,0.000000
1628079789.341455,1484,-0.721787,0.668451,-0.659573,-0.007597,-0.018326,-0.003621,0.999797,soldier,296,335,160,274,0.990555,9.029162,0.604508,0.000000
1628079789.408115,1485,-0.720815,0.668145,-0.659812,-0.007641,-0.018238,-0.003463,0.999798,soldier,296,336,159,274,0.989994,9.030312,0.607337,0.000000
1628079789.474831,1486,-0.721018,0.668534,-0.660359,-0.007650,-0.018274,-0.003465,0.999798,soldier,296,336,159,274,0.990686,9.190617,0.606703,0.000000
1628079789.541467,1487,-0.721859,0.669123,-0.661093,-0.007649,-0.018269,-0.003476,0.999798,soldier,296,336,160,274,0.990253,9.029211,0.608068,0.000000
1628079789.608207,1488,-0.723618,0.670189,-0.661465,-0.007647,-0.018335,-0.003426,0.999797,soldier,296,336,160,274,0.990739,9.027342,0.610126,0.000000
1628079789.674786,1489,-0.723299,0.671038,-0.661928,-0.007689,-0.018296,-0.003407,0.999797,soldier,296,336,159,274,0.990760,9.027733,0.611395,0.000000
1628079789.741611,1490,-0.723324,0.671583,-0.662532,-0.007698,-0.018281,-0.003367,0.999798,soldier,296,335,160,273,0.990588,9.188312,0.611757,0.000000
1628079789.808116,1491,-0.726535,0.671890,-0.663147,-0.007659,-0.018416,-0.003422,0.999795,soldier,296,336,159,275,0.990982,9.184851,0.610948,0.000000
1628079789.874793,1492,-0.726630,0.672508,-0.663526,-0.007672,-0.018374,-0.003408,0.999796,soldier,296,336,159,274,0.990766,9.184834,0.611852,0.000000
1628079789.945207,1493,-0.726270,0.672307,-0.663576,-0.007685,-0.018359,-0.003268,0.999797,soldier,296,336,159,274,0.990718,9.185239,0.614448,0.000000
1628079790.008118,1494,-0.726558,0.672841,-0.664107,-0.007692,-0.018328,-0.003245,0.999797,soldier,296,336,159,274,0.990567,9.024437,0.616367,0.000000
1628079790.074929,1495,-0.726246,0.673524,-0.664721,-0.007715,-0.018291,-0.003202,0.999798,soldier,296,336,159,274,0.990265,9.185393,0.617012,0.000000
1628079790.141465,1496,-0.727698,0.673644,-0.665454,-0.007690,-0.018333,-0.003209,0.999797,soldier,296,336,159,275,0.990985,9.023294,0.617866,0.000000
1628079790.208196,1497,-0.729111,0.674712,-0.665594,-0.007695,-0.018350,-0.003208,0.999797,soldier,296,336,160,274,0.989100,9.021849,0.618970,0.000000
1628079790.274792,1498,-0.729175,0.675457,-0.666102,-0.007719,-0.018338,-0.003177,0.999797,soldier,296,336,159,275,0.989845,9.021812,0.620354,0.000000
1628079790.341481,1499,-0.729054,0.676395,-0.666617,-0.007743,-0.018293,-0.003165,0.999798,soldier,296,336,159,274,0.989919,9.182586,0.620651,0.000000
1628079790.408211,1500,-0.732168,0.676817,-0.667192,-0.007708,-0.018421,-0.003230,0.999795,soldier,296,336,159,274,0.990276,9.018665,0.620685,0.000000
1628079790.474809,1501,-0.732192,0.677668,-0.667593,-0.007727,-0.018392,-0.003214,0.999796,soldier,296,336,159,274,0.990606,9.179264,0.620945,0.000000
1628079790.541469,1502,-0.732034,0.677310,-0.667749,-0.007729,-0.018380,-0.003077,0.999796,soldier,296,335,159,274,0.989935,9.018891,0.624172,0.000000
1628079790.608917,1503,-0.731847,0.678119,-0.668308,-0.007778,-0.018334,-0.003010,0.999797,soldier,296,336,159,274,0.989619,9.179740,0.625506,0.000000
1628079790.674783,1504,-0.732264,0.678625,-0.668915,-0.007763,-0.018327,-0.003010,0.999797,soldier,296,336,159,275,0.990216,9.179334,0.625992,0.000000
1628079790.741468,1505,-0.733318,0.678970,-0.669299,-0.007752,-0.018365,-0.003030,0.999797,soldier,296,336,159,275,0.991312,9.178211,0.625928,0.000000
1628079790.808377,1506,-0.734840,0.679856,-0.669525,-0.007746,-0.018402,-0.003001,0.999796,soldier,296,336,159,275,0.990327,9.016056,0.628243,0.000000
1628079790.874784,1507,-0.734809,0.680692,-0.669982,-0.007769,-0.018380,-0.002983,0.999796,soldier,296,336,159,275,0.991044,9.016128,0.629450,0.000000
1628079790.941452,1508,-0.735144,0.681410,-0.670536,-0.007779,-0.018375,-0.002996,0.999796,soldier,296,336,159,274,0.990687,9.015799,0.629942,0.000000
1628079791.008121,1509,-0.737880,0.681842,-0.671085,-0.007765,-0.018474,-0.002999,0.999795,soldier,296,336,159,275,0.989424,9.173456,0.629463,0.000000
1628079791.074794,1510,-0.738062,0.682514,-0.671489,-0.007777,-0.018447,-0.002955,0.999795,soldier,296,336,159,275,0.990456,9.012759,0.631853,0.000000
1628079791.141451,1511,-0.738073,0.682525,-0.671429,-0.007761,-0.018440,-0.002900,0.999796,soldier,296,336,159,274,0.989919,9.173336,0.632098,0.000000
1628079791.208123,1512,-0.737855,0.682943,-0.672122,-0.007799,-0.018412,-0.002780,0.999796,soldier,296,335,159,275,0.990451,9.173618,0.634948,0.000000
1628079791.274784,1513,-0.737859,0.683884,-0.672705,-0.007821,-0.018386,-0.002781,0.999797,soldier,296,335,159,275,0.990139,9.173661,0.635881,0.000000
1628079791.341457,1514,-0.739078,0.684213,-0.673104,-0.007780,-0.018439,-0.002813,0.999796,soldier,296,336,159,274,0.990797,9.172343,0.635532,0.000000
1628079791.408114,1515,-0.740164,0.685245,-0.673275,-0.007796,-0.018456,-0.002784,0.999795,soldier,296,335,159,275,0.989780,9.010661,0.637946,0.000000
1628079791.474787,1516,-0.740424,0.686058,-0.673848,-0.007812,-0.018442,-0.002805,0.999795,soldier,296,336,159,274,0.990575,9.170992,0.637580,0.000000
1628079791.541461,1517,-0.740091,0.686959,-0.674535,-0.007841,-0.018414,-0.002727,0.999796,soldier,296,335,159,275,0.991155,9.171384,0.640067,0.000000
1628079791.674827,1518,-0.743583,0.688130,-0.675336,-0.007836,-0.018515,-0.002803,0.999794,soldier,296,335,159,275,0.990598,9.007135,0.640526,0.000000
1628079791.741493,1519,-0.743273,0.687898,-0.675477,-0.007847,-0.018497,-0.002662,0.999795,soldier,296,335,159,274,0.989653,9.168061,0.642321,0.000000
1628079791.808138,1520,-0.743465,0.689139,-0.676181,-0.007847,-0.018480,-0.002697,0.999795,soldier,296,335,159,274,0.991002,9.007327,0.643616,0.000000
1628079791.874814,1521,-0.743943,0.689786,-0.676797,-0.007865,-0.018496,-0.002679,0.999794,soldier,296,335,159,274,0.990566,9.167389,0.643892,0.000000
1628079791.941454,1522,-0.745427,0.690555,-0.676738,-0.007832,-0.018546,-0.002819,0.999793,soldier,296,335,159,275,0.990415,9.165799,0.641854,0.000000
1628079792.008287,1523,-0.746024,0.691213,-0.677298,-0.007849,-0.018544,-0.002600,0.999794,soldier,296,335,159,274,0.991315,9.165231,0.646877,0.000000
1628079792.141480,1524,-0.746759,0.693668,-0.678454,-0.007856,-0.018556,-0.002717,0.999793,soldier,296,335,159,274,0.990090,9.164462,0.647014,0.000000
1628079792.208128,1525,-0.750314,0.695056,-0.679112,-0.007813,-0.018676,-0.002903,0.999791,soldier,296,335,159,275,0.989906,9.000106,0.645496,0.000000
1628079792.274801,1526,-0.749722,0.694734,-0.679500,-0.007860,-0.018652,-0.002712,0.999791,soldier,296,336,159,274,0.989629,9.000762,0.648968,0.000000
1628079792.341469,1527,-0.749201,0.694648,-0.679734,-0.007868,-0.018620,-0.002558,0.999792,soldier,296,335,160,274,0.989617,9.161921,0.651196,0.000000
1628079792.474861,1528,-0.750393,0.696529,-0.680936,-0.007872,-0.018629,-0.002666,0.999792,soldier,296,335,159,274,0.990992,9.000137,0.651679,0.000000
1628079792.608117,1529,-0.752438,0.699419,-0.681588,-0.007873,-0.018642,-0.002677,0.999792,soldier,296,335,159,274,0.990797,8.998068,0.654356,0.000000
1628079792.674781,1530,-0.753111,0.700728,-0.681967,-0.007874,-0.018646,-0.002799,0.999791,soldier,296,335,159,274,0.990921,8.997375,0.653270,0.000000
1628079792.741452,1531,-0.752165,0.700584,-0.682630,-0.007904,-0.018610,-0.002578,0.999792,soldier,296,335,159,274,0.990569,8.998408,0.657480,0.000000
1628079792.808159,1532,-0.756216,0.702136,-0.682866,-0.007843,-0.018746,-0.002827,0.999790,soldier,296,335,159,275,0.990554,8.994089,0.654111,0.000000
1628079792.874785,1533,-0.755730,0.701945,-0.683242,-0.007872,-0.018730,-0.002678,0.999790,soldier,296,336,159,274,0.990686,9.155180,0.656121,0.000000
1628079792.941444,1534,-0.756111,0.702837,-0.683863,-0.007866,-0.018730,-0.002633,0.999790,soldier,296,335,159,274,0.990714,8.994243,0.658624,0.000000
1628079793.008125,1535,-0.755992,0.702800,-0.683953,-0.007869,-0.018727,-0.002605,0.999790,soldier,295,336,160,273,0.991449,9.154930,0.658429,0.000000
1628079793.074785,1536,-0.757305,0.703783,-0.684307,-0.007842,-0.018772,-0.002635,0.999790,soldier,296,335,159,274,0.991594,9.153534,0.658769,0.000000
1628079793.141454,1537,-0.759108,0.705021,-0.684043,-0.007796,-0.018829,-0.002774,0.999788,soldier,296,336,159,274,0.990747,9.151612,0.657197,0.000000
1628079793.208126,1538,-0.758477,0.704690,-0.684481,-0.007834,-0.018815,-0.002609,0.999789,soldier,296,335,159,274,0.990922,9.152286,0.660194,0.000000
1628079793.274783,1539,-0.759630,0.707004,-0.685667,-0.007842,-0.018825,-0.002737,0.999788,soldier,296,335,159,274,0.990565,9.151102,0.659974,0.000000
1628079793.341484,1540,-0.759053,0.706802,-0.686171,-0.007857,-0.018802,-0.002602,0.999789,soldier,296,335,159,275,0.990675,8.991176,0.663205,0.000000
1628079793.408126,1541,-0.762337,0.708601,-0.686729,-0.007871,-0.018884,-0.002739,0.999787,soldier,296,335,159,274,0.989787,9.148288,0.661587,0.000000
1628079793.474813,1542,-0.762713,0.708949,-0.686432,-0.007836,-0.018897,-0.002795,0.999787,soldier,296,335,159,275,0.990972,9.147882,0.660786,0.000000
1628079793.541468,1543,-0.762138,0.708676,-0.686979,-0.007884,-0.018872,-0.002599,0.999787,soldier,296,335,159,274,0.990296,9.148524,0.664470,0.000000
1628079793.608164,1544,-0.763522,0.711064,-0.688122,-0.007899,-0.018892,-0.002752,0.999787,soldier,296,335,159,274,0.991336,8.986530,0.664603,0.000000
1628079793.674767,1545,-0.763009,0.710900,-0.688669,-0.007921,-0.018876,-0.002627,0.999787,soldier,296,336,159,274,0.991815,9.147643,0.666182,0.000000
1628079793.741462,1546,-0.763586,0.711200,-0.687964,-0.007900,-0.018894,-0.002642,0.999787,soldier,296,335,160,274,0.990340,9.147031,0.666169,0.000000
1628079793.808139,1547,-0.764754,0.712282,-0.687821,-0.007876,-0.018929,-0.002652,0.999786,soldier,296,335,159,275,0.991345,9.145798,0.667010,0.000000
1628079793.874804,1548,-0.765166,0.713455,-0.688650,-0.007878,-0.018951,-0.002661,0.999786,soldier,296,335,159,274,0.989858,8.984790,0.668754,0.000000
1628079793.941420,1549,-0.768740,0.715550,-0.689070,-0.007823,-0.019089,-0.002862,0.999783,soldier,296,335,159,274,0.990388,9.141497,0.666071,0.000000
1628079794.008115,1550,-0.768455,0.715332,-0.689408,-0.007845,-0.019082,-0.002744,0.999783,soldier,296,335,160,274,0.990430,8.981259,0.668982,0.000000
1628079794.074786,1551,-0.768822,0.716499,-0.690179,-0.007831,-0.019068,-0.002733,0.999784,soldier,296,335,159,275,0.991027,8.980917,0.670348,0.000000
1628079794.141834,1552,-0.769328,0.717788,-0.690918,-0.007846,-0.019086,-0.002790,0.999783,soldier,296,335,159,274,0.990396,9.140923,0.669754,0.000000
1628079794.208131,1553,-0.769952,0.718707,-0.691986,-0.007868,-0.019107,-0.002771,0.999783,soldier,296,335,159,274,0.990984,8.979712,0.671864,0.000000
1628079794.275358,1554,-0.769772,0.718611,-0.692244,-0.007877,-0.019105,-0.002703,0.999783,soldier,296,335,159,274,0.990645,8.979903,0.673117,0.000000
1628079794.341454,1555,-0.770259,0.719030,-0.691366,-0.007875,-0.019101,-0.002721,0.999783,soldier,296,336,159,274,0.991050,8.979422,0.673173,0.000000
1628079794.408116,1556,-0.772403,0.721628,-0.691618,-0.007838,-0.019154,-0.002901,0.999782,soldier,296,335,159,274,0.991192,8.977162,0.672207,0.000000
1628079794.474784,1557,-0.771976,0.721354,-0.692154,-0.007862,-0.019138,-0.002743,0.999782,soldier,296,335,159,274,0.990430,8.977636,0.675047,0.000000
1628079794.541476,1558,-0.775484,0.723700,-0.692436,-0.007821,-0.019271,-0.003004,0.999779,soldier,296,336,159,274,0.990993,8.973859,0.672277,0.000000
1628079794.608133,1559,-0.775212,0.723329,-0.692922,-0.007835,-0.019265,-0.002859,0.999780,soldier,296,335,159,274,0.990600,8.974159,0.674752,0.000000
1628079794.674797,1560,-0.775824,0.724459,-0.693725,-0.007842,-0.019282,-0.002828,0.999779,soldier,296,335,159,274,0.990101,8.973520,0.676502,0.000000
1628079794.741497,1561,-0.775675,0.724303,-0.693979,-0.007854,-0.019276,-0.002770,0.999780,soldier,296,336,159,274,0.989890,8.973686,0.677479,0.000000
1628079794.808116,1562,-0.777034,0.726657,-0.695618,-0.007894,-0.019321,-0.002893,0.999778,soldier,296,335,160,274,0.990422,9.132776,0.676685,0.000000
1628079794.874787,1563,-0.777608,0.728026,-0.694005,-0.007889,-0.019332,-0.003045,0.999777,soldier,296,335,159,274,0.990342,9.132164,0.675047,0.000000
1628079794.941530,1564,-0.777207,0.727647,-0.694592,-0.007915,-0.019327,-0.002869,0.999778,soldier,296,335,160,274,0.991190,8.972050,0.678992,0.000000
1628079795.008131,1565,-0.779240,0.730106,-0.695428,-0.007900,-0.019377,-0.002958,0.999777,soldier,296,335,159,274,0.991132,9.130459,0.678881,0.000000
1628079795.074799,1566,-0.780086,0.731715,-0.695789,-0.007900,-0.019394,-0.003119,0.999776,soldier,296,335,159,275,0.990416,9.129564,0.677280,0.000000
1628079795.141449,1567,-0.779752,0.731427,-0.696427,-0.007932,-0.019397,-0.002969,0.999776,soldier,296,335,159,274,0.991230,8.969368,0.680862,0.000000
1628079795.208127,1568,-0.782984,0.733629,-0.696923,-0.007941,-0.019487,-0.003108,0.999774,soldier,296,335,159,274,0.990764,8.965958,0.680373,0.000000
1628079795.274792,1569,-0.782910,0.733515,-0.697157,-0.007954,-0.019498,-0.003045,0.999774,soldier,296,335,159,274,0.990885,8.966018,0.681505,0.000000
1628079795.341460,1570,-0.783096,0.733534,-0.697109,-0.007933,-0.019517,-0.003010,0.999774,soldier,296,335,159,275,0.990590,9.126339,0.681346,0.000000
1628079795.408127,1571,-0.783720,0.734682,-0.698237,-0.007958,-0.019520,-0.003007,0.999773,soldier,296,335,159,275,0.990682,9.125711,0.682589,0.000000
1628079795.474801,1572,-0.784919,0.737497,-0.696995,-0.007955,-0.019522,-0.003275,0.999772,soldier,296,335,159,274,0.990740,8.963938,0.680993,0.000000
1628079795.541470,1573,-0.784684,0.737188,-0.697562,-0.007980,-0.019527,-0.003130,0.999773,soldier,296,335,159,274,0.990619,9.124720,0.682682,0.000000
